slug,family,common_name,title,image_path,image_exists,page_path
acanthaceae,Acanthaceae,Acanthus Family / Bear's Breeches Family,Acanthaceae (Acanthus Family),../img/here/acanthaceae.png,yes,families/acanthaceae.html
achariaceae,Achariaceae,Chaulmoogra Family,Achariaceae (Chaulmoogra Family),../img/here/achariaceae.png,yes,families/achariaceae.html
achatocarpaceae,Acanthaceae,Acanthus Family / Bear's Breeches Family,Acanthaceae (Acanthus Family),../img/here/achatocarpaceae.png,yes,families/achatocarpaceae.html
acoraceae,Acoraceae,Sweet Flag Family,Acoraceae (Sweet Flag Family),../img/here/acoraceae.png,yes,families/acoraceae.html
acrobolbaceae,Acrobolbaceae,Acrobolbus Family,Acrobolbaceae (Acrobolbus Family),../img/here/acrobolbaceae.png,yes,families/acrobolbaceae.html
actinidiaceae,Actinidiaceae,Kiwi Family,Actinidiaceae (Kiwi Family),../img/here/actinidiaceae.png,yes,families/actinidiaceae.html
adelanthaceae,Adelanthaceae,Adelanthus Family,Adelanthaceae (Adelanthus Family),../img/here/adelanthaceae.png,yes,families/adelanthaceae.html
adelotheciaceae,Adelotheciaceae,(No widely used common name),Adelotheciaceae (Liverwort Family),../img/here/adelotheciaceae.png,yes,families/adelotheciaceae.html
adoxaceae,Adoxaceae,Moschatel Family / Elderberry Family,Adoxaceae (Moschatel Family),../img/here/adoxaceae.png,yes,families/adoxaceae.html
aextoxicaceae,Aextoxicaceae,Aextoxicaceae Family,Aextoxicaceae,../img/here/aextoxicaceae.png,yes,families/aextoxicaceae.html
agdestidaceae,Agdestidaceae,Rockroot Family,Agdestidaceae (Rockroot Family),../img/here/agdestidaceae.png,yes,families/agdestidaceae.html
aizoaceae,Aizoaceae,Ice Plant / Fig-Marigold Family,Aizoaceae (Ice Plant Family),../img/here/aizoaceae.png,yes,families/aizoaceae.html
akaniaceae,Akaniaceae,Turnipwood Family,Akaniaceae (Turnipwood Family),../img/here/akaniaceae.png,yes,families/akaniaceae.html
alismataceae,Alismataceae,Water Plantain Family,Alismataceae (Water Plantain Family),../img/here/alismataceae.png,yes,families/alismataceae.html
allioideae,Subfamily Allioideae,,Subfamily Allioideae (Onion Subfamily),,missing,families/allioideae.html
allisoniaceae,Allisoniaceae,No widely accepted common name,Allisoniaceae,../img/here/allisoniaceae.png,yes,families/allisoniaceae.html
alseuosmiaceae,Alseuosmiaceae,Alseuosmia Family,Alseuosmiaceae,../img/here/alseuosmiaceae.png,yes,families/alseuosmiaceae.html
alstroemeriaceae,Alstroemeriaceae,Peruvian Lily / Inca Lily Family,Alstroemeriaceae (Peruvian Lily Family),../img/here/alstroemeriaceae.png,yes,families/alstroemeriaceae.html
altingiaceae,Altingiaceae,Sweetgum Family,Altingiaceae (Sweetgum Family),../img/here/altingiaceae.png,yes,families/altingiaceae.html
alzateaceae,Alzateaceae,Alzatea Family,Alzateaceae,../img/here/alzateaceae.png,yes,families/alzateaceae.html
amaranthaceae,Amaranthaceae,Amaranth Family / Goosefoot Family,Amaranthaceae (Amaranth Family),../img/here/amaranthaceae.png,yes,families/amaranthaceae.html
amaryllidaceae,Amaryllidaceae,,Amaryllidaceae (Amaryllis / Onion Family),,missing,families/amaryllidaceae.html
amblystegiaceae,Amblystegiaceae,Feather Moss Family,Amblystegiaceae (Feather Moss Family),../img/here/amblystegiaceae.png,yes,families/amblystegiaceae.html
amborellaceae,Amborellaceae,Amborella Family,Amborellaceae (Amborella Family),../img/here/amborellaceae.png,yes,families/amborellaceae.html
ambuchananiaceae,Ambuchananiaceae,Ambuchanania Moss Family,Ambuchananiaceae (Ambuchanania Moss Family),../img/here/ambuchananiaceae.png,yes,families/ambuchananiaceae.html
amphorogynaceae,Amphorogynaceae,Amphorogyna Family,Amphorogynaceae (Amphorogyna Family),../img/here/amphorogynaceae.png,yes,families/amphorogynaceae.html
anacampserotaceae,Anacampserotaceae,Anacampseros Family,Anacampserotaceae,../img/here/anacampserotaceae.png,yes,families/anacampserotaceae.html
anacardiaceae,Anacardiaceae,Cashew / Sumac Family,Anacardiaceae (Cashew / Sumac Family),../img/here/anacardiaceae.png,yes,families/anacardiaceae.html
anarthriaceae,Anarthriaceae,Southern Rush Family,Anarthriaceae (Southern Rush Family),../img/here/anarthriaceae.png,no,families/anarthriaceae.html
ancistrocladaceae,Ancistrocladaceae,Ancistrocladus Family,Ancistrocladaceae,../img/here/ancistrocladaceae.png,yes,families/ancistrocladaceae.html
andreaeaceae,Andreaeaceae,Lantern Moss Family / Rock Moss Family,Andreaeaceae (Lantern Moss Family),../img/here/andreaeaceae.png,yes,families/andreaeaceae.html
andreaeobryaceae,Andreaeobryaceae,Andreaeobryum Moss Family,Andreaeobryaceae (Andreaeobryum Moss Family),../img/here/andreaeobryaceae.png,yes,families/andreaeobryaceae.html
anemiaceae,Anemiaceae,Anemia Fern Family,Anemiaceae (Anemia Fern Family),../img/here/anemiaceae.png,yes,families/anemiaceae.html
aneuraceae,Aneuraceae,Threadwort Family (common name often used for,Aneuraceae,../img/here/aneuraceae.png,yes,families/aneuraceae.html
anisophylleaceae,Anisophylleaceae,Anisophyllea Family,Anisophylleaceae,../img/here/anisophylleaceae.png,yes,families/anisophylleaceae.html
annonaceae,Annonaceae,Custard Apple / Soursop / Pawpaw Family,Annonaceae (Custard Apple Family),../img/here/annonaceae.png,yes,families/annonaceae.html
anomodontaceae,Anomodontaceae,Anomodon Moss Family (Informal),Anomodontaceae (Moss Family),../img/here/anomodontaceae.png,yes,families/anomodontaceae.html
antheliaceae,Antheliaceae,Anthelia Family,Antheliaceae (Anthelia Family),../img/here/antheliaceae.png,yes,families/antheliaceae.html
anthocerotaceae,Anthocerotaceae,A Hornwort Family,Anthocerotaceae (Hornwort Family),../img/here/anthocerotaceae.png,yes,families/anthocerotaceae.html
anthocerotales,Anthocerotales,A Hornwort Order,Anthocerotales (Hornwort Order),../img/here/anthocerotales.png,no,families/anthocerotales.html
anthocerotophyta,Phylum Anthocerotophyta,,Phylum Anthocerotophyta (Hornworts) - Bryophyte Guide,,missing,families/anthocerotophyta.html
anthocerotopsida,Anthocerotopsida,A Hornwort Class,Anthocerotopsida (Hornwort Class),../img/here/anthocerotopsida.png,no,families/anthocerotopsida.html
aphanopetalaceae,Aphanopetalaceae,Aphanopetalum Family,Aphanopetalaceae,../img/here/aphanopetalaceae.png,yes,families/aphanopetalaceae.html
aphloiaceae,Aphloiaceae,Aphloia Family,Aphloiaceae,../img/here/aphloiaceae.png,yes,families/aphloiaceae.html
apiaceae,Apiaceae,Carrot Family / Parsley Family / Umbellifers,Apiaceae (Carrot / Parsley Family),../img/here/apiaceae.png,yes,families/apiaceae.html
apocynaceae,Apocynaceae,Dogbane Family / Milkweed Family,Apocynaceae (Dogbane Family),../img/here/apocynaceae.png,yes,families/apocynaceae.html
apodanthaceae,Apodanthaceae,Apodanthes Family,Apodanthaceae,../img/here/apodanthaceae.png,yes,families/apodanthaceae.html
aponogetonaceae,Aponogetonaceae,Cape Pondweed Family,Aponogetonaceae (Cape Pondweed Family),../img/here/aponogetonaceae.png,yes,families/aponogetonaceae.html
aptandraceae,Aptandraceae,Aptandra Family,Aptandraceae (Aptandra Family),../img/here/aptandraceae.png,yes,families/aptandraceae.html
aquifoliaceae,Aquifoliaceae,Holly Family,Aquifoliaceae (Holly Family),,missing,families/aquifoliaceae.html
araceae,Araceae,,Araceae (Arum / Philodendron Family),,missing,families/araceae.html
araliaceae,Araliaceae,Ginseng Family / Ivy Family,Araliaceae (Ginseng / Ivy Family),,missing,families/araliaceae.html
araucariaceae,Araucariaceae,,Araucariaceae (Araucaria Family),,missing,families/araucariaceae.html
archidiaceae,Archidiaceae,Large-Spore Moss Family,Archidiaceae (Large-Spore Moss Family),../img/here/archidiaceae.png,yes,families/archidiaceae.html
arecaceae,Arecaceae (Palmae),,Arecaceae (Palm Family),,missing,families/arecaceae.html
argophyllaceae,Argophyllaceae,Argophyllum / Corokia Family,Argophyllaceae,../img/here/argophyllaceae.png,yes,families/argophyllaceae.html
aristolochiaceae,Aristolochiaceae,Birthwort / Pipevine Family,Aristolochiaceae (Birthwort / Pipevine Family),../img/here/aristolochiaceae.png,yes,families/aristolochiaceae.html
arnelliaceae,Arnelliaceae,Arnellia Family,Arnelliaceae (Arnellia Family),../img/here/arnelliaceae.png,yes,families/arnelliaceae.html
asparagaceae,Asparagaceae,Asparagus Family,Asparagaceae (Asparagus Family),,missing,families/asparagaceae.html
asphodelaceae,Asphodelaceae,,Asphodelaceae (Asphodel Family),,missing,families/asphodelaceae.html
aspleniaceae,Aspleniaceae,Spleenwort Family,Aspleniaceae (Spleenwort Family),../img/here/aspleniaceae.png,yes,families/aspleniaceae.html
asteliaceae,Asteliaceae,Astelia Family,Asteliaceae,../img/here/asteliaceae.png,yes,families/asteliaceae.html
asteraceae,Asteraceae,Sunflower Family,Asteraceae (Sunflower Family),../img/here/asteraceae.png,yes,families/asteraceae.html
asteropeiaceae,Asteropeiaceae,Asteropeia Family,Asteropeiaceae,../img/here/asteropeiaceae.png,yes,families/asteropeiaceae.html
atherospermataceae,Atherospermataceae,Southern Sassafras Family,Atherospermataceae (Southern Sassafras Family),../img/here/atherospermataceae.png,yes,families/atherospermataceae.html
athyriaceae,Athyriaceae,Lady Fern or Glade Fern Family,Athyriaceae,../img/here/athyriaceae.png,yes,families/athyriaceae.html
aulacomniaceae,Aulacomniaceae,Bog Moss Family / Groove Moss Family,Aulacomniaceae (Bog Moss Family),../img/here/aulacomniaceae.png,yes,families/aulacomniaceae.html
austrobaileyaceae,Austrobaileyaceae,Austrobaileya Family,Austrobaileyaceae,../img/here/austrobaileyaceae.png,yes,families/austrobaileyaceae.html
aytoniaceae,Aytoniaceae,Aytoniaceae Liverworts,Aytoniaceae,../img/here/aytoniaceae.png,yes,families/aytoniaceae.html
balanopaceae,Balanopaceae,,Balanopaceae,../img/here/balanopaceae.png,yes,families/balanopaceae.html
balanophoraceae,Balanophoraceae,Balanophora Family,Balanophoraceae,../img/here/balanophoraceae.png,yes,families/balanophoraceae.html
balsaminaceae,Balsaminaceae,Touch-me-not Family / Balsam Family,Balsaminaceae (Touch-me-not Family),../img/here/balsaminaceae.png,yes,families/balsaminaceae.html
barbeuiaceae,Barbeuiaceae,,Barbeuiaceae,../img/here/barbeuiaceae.png,yes,families/barbeuiaceae.html
barbeyaceae,Barbeyaceae,,Barbeyaceae,../img/here/barbeyaceae.png,yes,families/barbeyaceae.html
bartramiaceae,Bartramiaceae,Apple Moss Family,Bartramiaceae (Apple Moss Family),../img/here/bartramiaceae.png,yes,families/bartramiaceae.html
basellaceae,Basellaceae,Madeira-vine Family / Malabar Spinach Family,Basellaceae (Madeira-vine Family),../img/here/basellaceae.png,yes,families/basellaceae.html
bataceae,Bataceae,Saltwort Family / Beachwort Family,Bataceae (Saltwort Family),../img/here/bataceae.png,yes,families/bataceae.html
begoniaceae,Begoniaceae,Begonia Family,Begoniaceae (Begonia Family),../img/here/begoniaceae.png,yes,families/begoniaceae.html
berberidaceae,Berberidaceae,Barberry Family,Berberidaceae (Barberry Family),,missing,families/berberidaceae.html
berberidopsidaceae,Berberidopsidaceae,,Berberidopsidaceae,../img/here/berberidopsidaceae.png,yes,families/berberidopsidaceae.html
betulaceae,Betulaceae,,Betulaceae (Birch Family),,missing,families/betulaceae.html
biebersteiniaceae,Biebersteiniaceae,,Biebersteiniaceae,../img/here/biebersteiniaceae.png,yes,families/biebersteiniaceae.html
bignoniaceae,Bignoniaceae,Trumpet Creeper Family / Catalpa Family,Bignoniaceae (Trumpet Creeper Family),../img/here/bignoniaceae.png,yes,families/bignoniaceae.html
bixaceae,Bixaceae,Annatto Family,Bixaceae (Annatto Family),../img/here/bixaceae.png,yes,families/bixaceae.html
blandfordiaceae,Blandfordiaceae,Christmas Bells,Blandfordiaceae (Christmas Bells),../img/here/blandfordiaceae.png,yes,families/blandfordiaceae.html
blasiaceae,Blasiaceae,Blasia / Flask Liverworts,Blasiaceae,../img/here/blasiaceae.png,yes,families/blasiaceae.html
blechnaceae,Blechnaceae,Chain Fern or Hard Fern Family,Blechnaceae,../img/here/blechnaceae.png,yes,families/blechnaceae.html
blepharostomataceae,Blepharostomataceae,Ciliawort Family (common name for,Blepharostomataceae,../img/here/blepharostomataceae.png,yes,families/blepharostomataceae.html
bonnetiaceae,Bonnetiaceae,,Bonnetiaceae,../img/here/bonnetiaceae.png,yes,families/bonnetiaceae.html
boraginaceae,Boraginaceae,Borage Family / Forget-me-not Family,Boraginaceae (Borage Family),../img/here/boraginaceae.png,yes,families/boraginaceae.html
boryaceae,Boryaceae,,Boryaceae,../img/here/boryaceae.png,yes,families/boryaceae.html
brachytheciaceae,Brachytheciaceae,Feather Moss Family / Brachythecium Moss Family,Brachytheciaceae (Feather Moss Family),../img/here/brachytheciaceae.png,yes,families/brachytheciaceae.html
braithwaiteaceae,Braithwaiteaceae,Pleated Moss Family (Informal),Braithwaiteaceae (Moss Family),../img/here/braithwaiteaceae.png,yes,families/braithwaiteaceae.html
brassicaceae,Brassicaceae (Cruciferae),,Brassicaceae (Mustard / Cabbage Family),,missing,families/brassicaceae.html
brevianthaceae,Brevianthaceae,Brevianthus Family,Brevianthaceae (Brevianthus Family),../img/here/brevianthaceae.png,yes,families/brevianthaceae.html
bromeliaceae,Bromeliaceae,Pineapple Family / Bromeliad Family,Bromeliaceae (Pineapple Family),../img/here/bromeliaceae.png,yes,families/bromeliaceae.html
bruchiaceae,Bruchiaceae,(Bruch's Moss Family - informal),Bruchiaceae,../img/here/bruchiaceae.png,yes,families/bruchiaceae.html
brunelliaceae,Brunelliaceae,,Brunelliaceae,../img/here/brunelliaceae.png,yes,families/brunelliaceae.html
bruniaceae,Bruniaceae,,Bruniaceae,../img/here/bruniaceae.png,yes,families/bruniaceae.html
bryaceae,Bryaceae,Bryum Moss Family / Thread Moss Family,Bryaceae (Bryum Moss Family),../img/here/bryaceae.png,yes,families/bryaceae.html
bryophyta,Phylum Bryophyta,,Phylum Bryophyta (Mosses) - Bryophyte Guide,,missing,families/bryophyta.html
bryowijkiaceae,Bryowijkiaceae,(Bryowijkia Moss Family - informal),Bryowijkiaceae,../img/here/bryowijkiaceae.png,yes,families/bryowijkiaceae.html
bryoxiphiaceae,Bryoxiphiaceae,Sword Moss Family,Bryoxiphiaceae (Sword Moss Family),../img/here/bryoxiphiaceae.png,yes,families/bryoxiphiaceae.html
buddlejaceae,Buddlejaceae,(Butterfly Bush group - Now included in Scrophulariaceae),Buddlejaceae (Now in Scrophulariaceae),../img/here/buddlejaceae.png,yes,families/buddlejaceae.html
burmanniaceae,Burmanniaceae,,Burmanniaceae,../img/here/burmanniaceae.png,yes,families/burmanniaceae.html
burseraceae,Burseraceae,Frankincense and Myrrh Family / Torchwood Family,Burseraceae (Frankincense &amp; Myrrh Family),../img/here/burseraceae.png,yes,families/burseraceae.html
butomaceae,Butomaceae,Flowering Rush Family,Butomaceae (Flowering Rush Family),../img/here/butomaceae.png,yes,families/butomaceae.html
buxaceae,Buxaceae,Boxwood Family / Box Family,Buxaceae (Boxwood Family),../img/here/buxaceae.png,yes,families/buxaceae.html
byblidaceae,Byblidaceae,Rainbow Plant Family,Byblidaceae (Rainbow Plant Family),../img/here/byblidaceae.png,yes,families/byblidaceae.html
cabombaceae,Cabombaceae,Water Shield Family / Fanwort Family,Cabombaceae (Water Shield Family),../img/here/cabombaceae.png,yes,families/cabombaceae.html
cactaceae,Cactaceae,Cactus Family,Cactaceae (Cactus Family),,missing,families/cactaceae.html
calceolariaceae,Calceolariaceae,Slipperwort Family,Calceolariaceae (Slipperwort Family),../img/here/calceolariaceae.png,yes,families/calceolariaceae.html
calliergonaceae,Calliergonaceae,Fen Moss Family (unofficial),Calliergonaceae (Fen Moss Family),../img/here/calliergonaceae.png,yes,families/calliergonaceae.html
calomniaceae,Calomniaceae,Treelet Moss Family (Informal),Calomniaceae (Moss Family),../img/here/calomniaceae.png,yes,families/calomniaceae.html
calophyllaceae,Calophyllaceae,Calophyllum Family,Calophyllaceae (Calophyllum Family),../img/here/calophyllaceae.png,yes,families/calophyllaceae.html
calycanthaceae,Calycanthaceae,Spice Bush Family / Sweetshrub Family,Calycanthaceae (Spice Bush Family),../img/here/calycanthaceae.png,yes,families/calycanthaceae.html
calyceraceae,Calyceraceae,,Calyceraceae,../img/here/calyceraceae.png,yes,families/calyceraceae.html
calymperaceae,Calymperaceae,(Calymperes Moss Family - informal),Calymperaceae,../img/here/calymperaceae.png,yes,families/calymperaceae.html
calypogeiaceae,Calypogeiaceae,Pouchwort Family (common name for,Calypogeiaceae,../img/here/calypogeiaceae.png,yes,families/calypogeiaceae.html
campanulaceae,Campanulaceae,,Campanulaceae (Bellflower Family),,missing,families/campanulaceae.html
campynemataceae,Campynemataceae,,Campynemataceae,../img/here/campynemataceae.png,yes,families/campynemataceae.html
canellaceae,Canellaceae,Wild Cinnamon Family / Canella Family,Canellaceae (Wild Cinnamon Family),../img/here/canellaceae.png,yes,families/canellaceae.html
cannabaceae,Cannabaceae,Hemp Family (including Hackberries),"Cannabaceae (Hemp Family, incl. Hackberries)",../img/here/cannabaceae.png,yes,families/cannabaceae.html
cannaceae,Cannaceae,Canna Lily Family,Cannaceae (Canna Lily Family),../img/here/cannaceae.png,yes,families/cannaceae.html
capparaceae,Capparaceae,Caper Family,Capparaceae (Caper Family),../img/here/capparaceae.png,yes,families/capparaceae.html
caprifoliaceae,Caprifoliaceae,Honeysuckle Family (sensu lato),Caprifoliaceae (Honeysuckle Family),,missing,families/caprifoliaceae.html
cardiopteridaceae,Cardiopteridaceae,Cardiopteris Family,Cardiopteridaceae (Cardiopteris Family),../img/here/cardiopteridaceae.png,yes,families/cardiopteridaceae.html
caricaceae,Caricaceae,Papaya Family,Caricaceae (Papaya Family),../img/here/caricaceae.png,yes,families/caricaceae.html
carlemanniaceae,Carlemanniaceae,Carlemannia Family,Carlemanniaceae (Carlemannia Family),../img/here/carlemanniaceae.png,yes,families/carlemanniaceae.html
caryocaraceae,Caryocaraceae,Souari Nut Family,Caryocaraceae (Souari Nut Family),../img/here/caryocaraceae.png,yes,families/caryocaraceae.html
caryophyllaceae,Caryophyllaceae,Pink Family / Carnation Family,Caryophyllaceae (Pink / Carnation Family),,missing,families/caryophyllaceae.html
casuarinaceae,Casuarinaceae,She-oak Family,Casuarinaceae (She-oak Family),../img/here/casuarinaceae.png,yes,families/casuarinaceae.html
catagoniaceae,Catagoniaceae,Glossy Sickle Moss Family (Informal),Catagoniaceae (Moss Family),../img/here/catagoniaceae.png,yes,families/catagoniaceae.html
catoscopiaceae,Catoscopiaceae,Black Golf Club Moss Family,Catoscopiaceae (Black Golf Club Moss Family),../img/here/catoscopiaceae.png,yes,families/catoscopiaceae.html
celastraceae,Celastraceae,Bittersweet Family,Celastraceae (Bittersweet Family),../img/here/celastraceae.png,yes,families/celastraceae.html
centrolepidaceae,Centrolepidaceae,Bristlewort Family,Centrolepidaceae (Bristlewort Family),../img/here/centrolepidaceae.png,no,families/centrolepidaceae.html
centroplacaceae,Centroplacaceae,Centroplacus Family,Centroplacaceae (Centroplacus Family),../img/here/centroplacaceae.png,yes,families/centroplacaceae.html
cephalotaceae,Cephalotaceae,Albany Pitcher Plant Family,Cephalotaceae (Albany Pitcher Plant Family),../img/here/cephalotaceae.png,yes,families/cephalotaceae.html
cephaloziaceae,Cephaloziaceae,Threadwort Family,Cephaloziaceae (Threadwort Family),../img/here/cephaloziaceae.png,yes,families/cephaloziaceae.html
cephaloziellaceae,Cephaloziellaceae,Dwarf Threadwort Family,Cephaloziellaceae (Dwarf Threadwort Family),../img/here/cephaloziellaceae.png,yes,families/cephaloziellaceae.html
ceratophyllaceae,Ceratophyllaceae,Hornwort Family,Ceratophyllaceae (Hornwort Family),../img/here/ceratophyllaceae.png,yes,families/ceratophyllaceae.html
cercidiphyllaceae,Cercidiphyllaceae,Katsura Family,Cercidiphyllaceae (Katsura Family),../img/here/cercidiphyllaceae.png,yes,families/cercidiphyllaceae.html
chloranthaceae,Chloranthaceae,Chloranthus Family,Chloranthaceae (Chloranthus Family),../img/here/chloranthaceae.png,yes,families/chloranthaceae.html
chonecoleaceae,Chonecoleaceae,Chonecolea Family,Chonecoleaceae (Chonecolea Family),../img/here/chonecoleaceae.png,yes,families/chonecoleaceae.html
chrysobalanaceae,Chrysobalanaceae,Coco Plum Family,Chrysobalanaceae (Coco Plum Family),../img/here/chrysobalanaceae.png,yes,families/chrysobalanaceae.html
cibotiaceae,Cibotiaceae,Cibotium Family / Manfern,Cibotiaceae (Cibotium Family),../img/here/cibotiaceae.png,yes,families/cibotiaceae.html
circaeasteraceae,Circaeasteraceae,Circaeaster Family,Circaeasteraceae (Circaeaster Family),../img/here/circaeasteraceae.png,yes,families/circaeasteraceae.html
cistaceae,Cistaceae,Rock-rose Family,Cistaceae (Rock-rose Family),../img/here/cistaceae.png,yes,families/cistaceae.html
cleomaceae,Cleomaceae,Spider Flower Family,Cleomaceae (Spider Flower Family),../img/here/cleomaceae.png,yes,families/cleomaceae.html
clethraceae,Clethraceae,Summersweet Family,Clethraceae (Summersweet Family),../img/here/clethraceae.png,yes,families/clethraceae.html
cleveaceae,Cleveaceae,Cleveaceae Liverworts,Cleveaceae,../img/here/cleveaceae.png,yes,families/cleveaceae.html
climaciaceae,Climaciaceae,Tree Moss Family,Climaciaceae (Moss Family),../img/here/climaciaceae.png,yes,families/climaciaceae.html
clusiaceae,Clusiaceae,Mangosteen Family (,Clusiaceae (Mangosteen Family),../img/here/clusiaceae.png,yes,families/clusiaceae.html
codonaceae,Codonaceae,Codon Family,Codonaceae (Codon Family),../img/here/codonaceae.png,yes,families/codonaceae.html
colchicaceae,Colchicaceae,Meadow Saffron Family,Colchicaceae (Meadow Saffron Family),,missing,families/colchicaceae.html
coldeniaceae,Coldeniaceae,Coldenia Family,Coldeniaceae (Coldenia Family),../img/here/coldeniaceae.png,no,families/coldeniaceae.html
columelliaceae,Columelliaceae,Columellia Family,Columelliaceae (Columellia Family),../img/here/columelliaceae.png,yes,families/columelliaceae.html
comandraceae,Comandraceae,Bastard Toadflax Family,Comandraceae (Bastard Toadflax Family),../img/here/comandraceae.png,yes,families/comandraceae.html
combretaceae,Combretaceae,White Mangrove / Indian Almond Family,Combretaceae (White Mangrove / Indian Almond Family),../img/here/combretaceae.png,yes,families/combretaceae.html
commelinaceae,Commelinaceae,Spiderwort Family / Dayflower Family,Commelinaceae (Spiderwort / Dayflower Family),,missing,families/commelinaceae.html
connaraceae,Connaraceae,Connaraceae Family,Connaraceae (Connarus Family),../img/here/connaraceae.png,yes,families/connaraceae.html
conocephalaceae,Conocephalaceae,Snakeskin Liverwort / Great Scented Liverwort,Conocephalaceae,../img/here/conocephalaceae.png,yes,families/conocephalaceae.html
convolvulaceae,Convolvulaceae,Morning Glory Family / Bindweed Family,Convolvulaceae (Morning Glory / Bindweed Family),,missing,families/convolvulaceae.html
cordiaceae,Cordiaceae,Cordia Family,Cordiaceae (Cordia Family),../img/here/cordiaceae.png,yes,families/cordiaceae.html
coriariaceae,Coriariaceae,Coriariaceae Family,Coriariaceae (Coriaria Family),../img/here/coriariaceae.png,yes,families/coriariaceae.html
cornaceae,Cornaceae,Dogwood Family,Cornaceae (Dogwood Family),../img/here/cornaceae.png,yes,families/cornaceae.html
corrigiolaceae,Corrigiolaceae,Strapwort Family,Corrigiolaceae (Strapwort Family),../img/here/corrigiolaceae.png,no,families/corrigiolaceae.html
corsiaceae,Corsiaceae,Corsia Family,Corsiaceae (Corsia Family),../img/here/corsiaceae.png,yes,families/corsiaceae.html
corsiniaceae,Corsiniaceae,No widely accepted common name,Corsiniaceae,../img/here/corsiniaceae.png,yes,families/corsiniaceae.html
corynocarpaceae,Corynocarpaceae,Corynocarpaceae Family,Corynocarpaceae (Corynocarpus Family),../img/here/corynocarpaceae.png,yes,families/corynocarpaceae.html
costaceae,Costaceae,Spiral Ginger Family,Costaceae (Spiral Ginger Family),../img/here/costaceae.png,yes,families/costaceae.html
coulaceae,Coulaceae,African Walnut Family,Coulaceae (African Walnut Family),../img/here/coulaceae.png,yes,families/coulaceae.html
crassulaceae,Crassulaceae,Crassulaceae Family,Crassulaceae (Stonecrop Family),../img/here/crassulaceae.png,yes,families/crassulaceae.html
crossosomataceae,Crossosomataceae,Rockflower Family,Crossosomataceae (Rockflower Family),../img/here/crossosomataceae.png,yes,families/crossosomataceae.html
cryphaeaceae,Cryphaeaceae,Hidden Moss Family / Cryphaea Moss Family,Cryphaeaceae (Hidden Moss Family),../img/here/cryphaeaceae.png,yes,families/cryphaeaceae.html
crypteroniaceae,Crypteroniaceae,Crypteronia Family,Crypteroniaceae (Crypteronia Family),../img/here/crypteroniaceae.png,yes,families/crypteroniaceae.html
ctenolophonaceae,Ctenolophonaceae,Ctenolophon Family,Ctenolophonaceae,../img/here/ctenolophonaceae.png,yes,families/ctenolophonaceae.html
cucurbitaceae,Cucurbitaceae,Gourd Family / Cucumber Family / Melon Family,Cucurbitaceae (Gourd Family),../img/here/cucurbitaceae.png,yes,families/cucurbitaceae.html
culcitaceae,Culcitaceae,(No common name; often Culcita Family),Culcitaceae,../img/here/culcitaceae.png,yes,families/culcitaceae.html
cunoniaceae,Cunoniaceae,Cunonia Family,Cunoniaceae,../img/here/cunoniaceae.png,yes,families/cunoniaceae.html
cupressaceae,Cupressaceae,Cypress Family,Cupressaceae (Cypress Family),,missing,families/cupressaceae.html
curtisiaceae,Curtisiaceae,Assegai Tree Family,Curtisiaceae (Assegai Tree Family),../img/here/curtisiaceae.png,yes,families/curtisiaceae.html
cyatheaceae,Cyatheaceae,Scaly Tree Fern Family,Cyatheaceae (Tree Fern Family),../img/here/cyatheaceae.png,yes,families/cyatheaceae.html
cyathodiaceae,Cyathodiaceae,No widely accepted common name,Cyathodiaceae,../img/here/cyathodiaceae.png,yes,families/cyathodiaceae.html
cycadaceae,Cycadaceae,Cycad Family,Cycadaceae (Cycad Family),../img/here/cycadaceae.png,yes,families/cycadaceae.html
cyclanthaceae,Cyclanthaceae,Panama Hat Plant Family,Cyclanthaceae (Panama Hat Plant Family),../img/here/cyclanthaceae.png,yes,families/cyclanthaceae.html
cymodoceaceae,Cymodoceaceae,Manatee Grass Family / Seagrass Family,Cymodoceaceae (Manatee Grass Family),../img/here/cymodoceaceae.png,yes,families/cymodoceaceae.html
cynomoriaceae,Cynomoriaceae,Desert Thumb Family / Malta Fungus,Cynomoriaceae (Desert Thumb Family),../img/here/cynomoriaceae.png,yes,families/cynomoriaceae.html
cyperaceae,Cyperaceae,,Cyperaceae (Sedge Family),,missing,families/cyperaceae.html
cyrillaceae,Cyrillaceae,Titi Family / Leatherwood Family,Cyrillaceae (Titi Family),../img/here/cyrillaceae.png,yes,families/cyrillaceae.html
cyrtopodaceae,Cyrtopodaceae,(No widely recognized common name),Cyrtopodaceae,../img/here/cyrtopodaceae.png,yes,families/cyrtopodaceae.html
cystodiaceae,Cystodiaceae,(No common name; often Cystodium Family),Cystodiaceae,../img/here/cystodiaceae.png,yes,families/cystodiaceae.html
cystopteridaceae,Cystopteridaceae,Bladder Fern or Fragile Fern Family,Cystopteridaceae,../img/here/cystopteridaceae.png,yes,families/cystopteridaceae.html
cytinaceae,Cytinaceae,Cytinus Family,Cytinaceae (Cytinus Family),../img/here/cytinaceae.png,yes,families/cytinaceae.html
daltoniaceae,Daltoniaceae,Daltonia Moss Family,Daltoniaceae (Daltonia Moss Family),../img/here/daltoniaceae.png,yes,families/daltoniaceae.html
daphniphyllaceae,Daphniphyllaceae,Daphniphyllum Family,Daphniphyllaceae,../img/here/daphniphyllaceae.png,yes,families/daphniphyllaceae.html
dasypogonaceae,Dasypogonaceae,Dasypogon Family,Dasypogonaceae,../img/here/dasypogonaceae.png,yes,families/dasypogonaceae.html
datiscaceae,Datiscaceae,Datisca Family / False Hemp,Datiscaceae (Datisca Family),../img/here/datiscaceae.png,yes,families/datiscaceae.html
davalliaceae,Davalliaceae,Rabbit's Foot Fern Family,Davalliaceae (Rabbit's Foot Fern Family),../img/here/davalliaceae.png,yes,families/davalliaceae.html
degeneriaceae,Degeneriaceae,Degeneria Family,Degeneriaceae,../img/here/degeneriaceae.png,yes,families/degeneriaceae.html
dendrocerotaceae,Dendrocerotales,A Hornwort Order,Dendrocerotales (Hornwort Order),../img/here/dendrocerotaceae.png,yes,families/dendrocerotaceae.html
dennstaedtiaceae,Dennstaedtiaceae,Bracken Fern Family,Dennstaedtiaceae (Bracken Fern Family),../img/here/dennstaedtiaceae.png,yes,families/dennstaedtiaceae.html
desmophlebiaceae,Desmophlebiaceae,(No widely accepted common name),Desmophlebiaceae,../img/here/desmophlebiaceae.png,yes,families/desmophlebiaceae.html
diapensiaceae,Diapensiaceae,Diapensia Family,Diapensiaceae (Diapensia Family),../img/here/diapensiaceae.png,yes,families/diapensiaceae.html
dichapetalaceae,Dichapetalaceae,Dichapetalum Family,Dichapetalaceae,../img/here/dichapetalaceae.png,yes,families/dichapetalaceae.html
dicksoniaceae,Dicksoniaceae,Dicksonia Tree Fern Family,Dicksoniaceae (Dicksonia Tree Fern Family),../img/here/dicksoniaceae.png,yes,families/dicksoniaceae.html
dicotkey,Dichotomous Key for the Identification of Major Vascular Plant Families Globally,,Dichotomous Key,,missing,families/dicotkey.html
dicranaceae,Dicranaceae,Fork Moss Family,Dicranaceae (Fork Moss Family),../img/here/dicranaceae.png,yes,families/dicranaceae.html
dicranellaceae,Dicranellaceae,Dicranella Moss Family,Dicranellaceae,../img/here/dicranellaceae.png,yes,families/dicranellaceae.html
didiereaceae,Didiereaceae,Didierea Family,Didiereaceae,../img/here/didiereaceae.png,yes,families/didiereaceae.html
didymochlaenaceae,Didymochlaenaceae,Mahogany Fern Family,Didymochlaenaceae (Mahogany Fern Family),../img/here/didymochlaenaceae.png,no,families/didymochlaenaceae.html
dilleniaceae,Dilleniaceae,Dillenia Family,Dilleniaceae (Dillenia Family),../img/here/dilleniaceae.png,yes,families/dilleniaceae.html
dilleniales,Dilleniales,An Order of Flowering Plants,Dilleniales,../img/here/dilleniales.png,no,families/dilleniales.html
dioncophyllaceae,Dioncophyllaceae,Dioncophyllum Family,Dioncophyllaceae,../img/here/dioncophyllaceae.png,yes,families/dioncophyllaceae.html
dioscoreaceae,Dioscoreaceae,Yam Family,Dioscoreaceae (Yam Family),../img/here/dioscoreaceae.png,yes,families/dioscoreaceae.html
dipentodontaceae,Dipentodontaceae,Dipentodon Family,Dipentodontaceae,../img/here/dipentodontaceae.png,yes,families/dipentodontaceae.html
diphysciaceae,Diphysciaceae,Short-stalk Moss Family / Powder Gun Moss Family,Diphysciaceae,../img/here/diphysciaceae.png,yes,families/diphysciaceae.html
diplaziopsidaceae,Diplaziopsidaceae,(No widely accepted common name),Diplaziopsidaceae,../img/here/diplaziopsidaceae.png,yes,families/diplaziopsidaceae.html
dipsacaceae,Subfamily Dipsacoideae,,Subfamily Dipsacoideae (Teasel Group / former Dipsacaceae),,missing,families/dipsacaceae.html
dipteridaceae,Dipteridaceae,Umbrella Fern / Fan Fern Family (associated with,Dipteridaceae,../img/here/dipteridaceae.png,yes,families/dipteridaceae.html
dipterocarpaceae,Dipterocarpaceae,Dipterocarp Family / Meranti Family / Lauan Family,Dipterocarpaceae (Dipterocarp Family),../img/here/dipterocarpaceae.png,yes,families/dipterocarpaceae.html
dirachmaceae,Dirachmaceae,Dirachma Family,Dirachmaceae,../img/here/dirachmaceae.png,yes,families/dirachmaceae.html
disceliaceae,Disceliaceae,Flag Moss Family,Disceliaceae,../img/here/disceliaceae.png,yes,families/disceliaceae.html
ditrichaceae,Ditrichaceae,Ditrichum Moss Family,Ditrichaceae (Ditrichum Moss Family),../img/here/ditrichaceae.png,yes,families/ditrichaceae.html
doryanthaceae,Doryanthaceae,Spear Lily Family / Gymea Lily Family,Doryanthaceae (Spear Lily Family),../img/here/doryanthaceae.png,yes,families/doryanthaceae.html
droseraceae,Droseraceae,Sundew Family,Droseraceae (Sundew Family),../img/here/droseraceae.png,yes,families/droseraceae.html
drosophyllaceae,Drosophyllaceae,Dewy Pine Family,Drosophyllaceae (Dewy Pine Family),../img/here/drosophyllaceae.png,yes,families/drosophyllaceae.html
drummondiaceae,Drummondiaceae,Drummondia Moss Family,Drummondiaceae,../img/here/drummondiaceae.png,yes,families/drummondiaceae.html
dryopteridaceae,Dryopteridaceae,Wood Fern Family,Dryopteridaceae (Wood Fern Family),,missing,families/dryopteridaceae.html
dumortieraceae,Dumortieraceae,Dumortier's Liverwort / Water Velvet,Dumortieraceae,../img/here/dumortieraceae.png,yes,families/dumortieraceae.html
ebenaceae,Ebenaceae,Ebony / Persimmon Family,Ebenaceae (Ebony / Persimmon Family),../img/here/ebenaceae.png,yes,families/ebenaceae.html
ecdeiocoleaceae,Ecdeiocoleaceae,Ecdeiocolea Family,Ecdeiocoleaceae,../img/here/ecdeiocoleaceae.png,yes,families/ecdeiocoleaceae.html
echinodiaceae,Echinodiaceae,Prickly Moss Family (Informal),Echinodiaceae (Moss Family),../img/here/echinodiaceae.png,yes,families/echinodiaceae.html
ehretiaceae,Ehretiaceae,Ehretia Family,Ehretiaceae (Ehretia Family),../img/here/ehretiaceae.png,yes,families/ehretiaceae.html
elaeagnaceae,Elaeagnaceae,Oleaster Family,Elaeagnaceae,../img/here/elaeagnaceae.png,yes,families/elaeagnaceae.html
elaeocarpaceae,Elaeocarpaceae,Quandong Family / Blueberry Ash Family,Elaeocarpaceae,../img/here/elaeocarpaceae.png,yes,families/elaeocarpaceae.html
elatinaceae,Elatinaceae,Waterwort Family,Elatinaceae,../img/here/elatinaceae.png,yes,families/elatinaceae.html
emblingiaceae,Emblingiaceae,Emblingia Family,Emblingiaceae,../img/here/emblingiaceae.png,yes,families/emblingiaceae.html
encalyptaceae,Encalyptaceae,Extinguisher Moss Family,Encalyptaceae (Extinguisher Moss Family),../img/here/encalyptaceae.png,yes,families/encalyptaceae.html
entodontaceae,Entodontaceae,Glossy Feather Moss Family (Informal),Entodontaceae (Moss Family),../img/here/entodontaceae.png,yes,families/entodontaceae.html
ephedraceae,Ephedraceae,Joint-fir Family,Ephedraceae,../img/here/ephedraceae.png,yes,families/ephedraceae.html
equisetaceae,Equisetaceae,,Equisetaceae (Horsetail Family),,missing,families/equisetaceae.html
equisetopsida,Class Equisetopsida,,Class Equisetopsida (Horsetails),,missing,families/equisetopsida.html
ericaceae,Ericaceae,Heath Family,Ericaceae (Heath Family),,missing,families/ericaceae.html
eriocaulaceae,Eriocaulaceae,Pipewort Family,Eriocaulaceae,../img/here/eriocaulaceae.png,yes,families/eriocaulaceae.html
erpodiaceae,Erpodiaceae,(Erpodium Moss Family - informal),Erpodiaceae,../img/here/erpodiaceae.png,yes,families/erpodiaceae.html
erythropalaceae,Erythropalaceae,Erythropalum Family,Erythropalaceae (Erythropalum Family),../img/here/erythropalaceae.png,yes,families/erythropalaceae.html
erythroxylaceae,Erythroxylaceae,Coca Family,Erythroxylaceae,../img/here/erythroxylaceae.png,yes,families/erythroxylaceae.html
escalloniaceae,Escalloniaceae,Escallonia Family,Escalloniaceae,../img/here/escalloniaceae.png,yes,families/escalloniaceae.html
eucommiaceae,Eucommiaceae,Eucommia Family / Hardy Rubber Tree Family,Eucommiaceae,../img/here/eucommiaceae.png,yes,families/eucommiaceae.html
euphorbiaceae,Euphorbiaceae,,Euphorbiaceae (Spurge Family),,missing,families/euphorbiaceae.html
euphroniaceae,Euphroniaceae,Euphronia Family,Euphroniaceae,../img/here/euphroniaceae.png,yes,families/euphroniaceae.html
eupomatiaceae,Eupomatiaceae,Eupomatia Family / Bolwarra Family,Eupomatiaceae,../img/here/eupomatiaceae.png,yes,families/eupomatiaceae.html
eupteleaceae,Eupteleaceae,Euptelea Family,Eupteleaceae,../img/here/eupteleaceae.png,yes,families/eupteleaceae.html
eustichiaceae,Eustichiaceae,Four-ranked Moss Family,Eustichiaceae (Four-ranked Moss Family),../img/here/eustichiaceae.png,yes,families/eustichiaceae.html
exormothecaceae,Exormothecaceae,No widely accepted common name,Exormothecaceae,../img/here/exormothecaceae.png,yes,families/exormothecaceae.html
fabaceae,Fabaceae,Legume Family,Fabaceae (Legume Family),,missing,families/fabaceae.html
fabroniaceae,Fabroniaceae,Silky Moss Family,Fabroniaceae (Silky Moss Family),../img/here/fabroniaceae.png,yes,families/fabroniaceae.html
fagaceae,Fagaceae,,Fagaceae (Oak / Beech Family),,missing,families/fagaceae.html
fissidentaceae,Fissidentaceae,Pocket Moss / Feather Moss Family,Fissidentaceae (Pocket Moss Family),../img/here/fissidentaceae.png,yes,families/fissidentaceae.html
flagellariaceae,Flagellariaceae,Whip Vine Family,Flagellariaceae,../img/here/flagellariaceae.png,yes,families/flagellariaceae.html
flatbergiaceae,Flatbergiaceae,(No widely accepted common name),Flatbergiaceae,../img/here/flatbergiaceae.png,yes,families/flatbergiaceae.html
fontinalaceae,Fontinalaceae,Water Moss / Fountain Moss Family,Fontinalaceae (Water Moss Family),../img/here/fontinalaceae.png,yes,families/fontinalaceae.html
fossombroniaceae,Fossombroniaceae,Ruffle Liverworts (common name for,Fossombroniaceae,../img/here/fossombroniaceae.png,yes,families/fossombroniaceae.html
fouquieriaceae,Fouquieriaceae,Ocotillo Family,Fouquieriaceae,../img/here/fouquieriaceae.png,yes,families/fouquieriaceae.html
francoaceae,Francoaceae,Francoa Family / Melianthus Family (broad sense),Francoaceae,../img/here/francoaceae.png,yes,families/francoaceae.html
frankeniaceae,Frankeniaceae,Sea Heath Family / Frankenia Family,Frankeniaceae,../img/here/frankeniaceae.png,yes,families/frankeniaceae.html
frullaniaceae,Frullaniaceae,Helmetwort Family,Frullaniaceae (Helmetwort Family),../img/here/frullaniaceae.png,yes,families/frullaniaceae.html
funariaceae,Funariaceae,Cord Moss Family,Funariaceae (Cord Moss Family),../img/here/funariaceae.png,yes,families/funariaceae.html
garryaceae,Garryaceae,Silk Tassel Family,Garryaceae,../img/here/garryaceae.png,yes,families/garryaceae.html
geissolomataceae,Geissolomataceae,Geissoloma Family / Guyalone Family,Geissolomataceae,../img/here/geissolomataceae.png,yes,families/geissolomataceae.html
gelsemiaceae,Gelsemiaceae,Jessamine Family,Gelsemiaceae,../img/here/gelsemiaceae.png,yes,families/gelsemiaceae.html
gentianaceae,Gentianaceae,Gentian Family,Gentianaceae (Gentian Family),,missing,families/gentianaceae.html
geocalycaceae,Geocalycaceae,Pouchwort / Crestwort Family,Geocalycaceae (Pouchwort/Crestwort Family),../img/here/geocalycaceae.png,yes,families/geocalycaceae.html
geraniaceae,Geraniaceae,,Geraniaceae (Geranium Family),,missing,families/geraniaceae.html
gerrardinaceae,Gerrardinaceae,Gerrardina Family,Gerrardinaceae,../img/here/gerrardinaceae.png,yes,families/gerrardinaceae.html
gesneriaceae,Gesneriaceae,Gesneriad Family / African Violet Family,Gesneriaceae,../img/here/gesneriaceae.png,yes,families/gesneriaceae.html
gigaspermaceae,Gigaspermaceae,Giant Seed Moss Family,Gigaspermaceae (Giant Seed Moss Family),../img/here/gigaspermaceae.png,yes,families/gigaspermaceae.html
ginkgoaceae,Ginkgoaceae,Ginkgo Family,Ginkgoaceae,../img/here/ginkgoaceae.png,yes,families/ginkgoaceae.html
gisekiaceae,Gisekiaceae,Gisekia Family,Gisekiaceae (Gisekia Family),../img/here/gisekiaceae.png,yes,families/gisekiaceae.html
gleicheniaceae,Gleicheniaceae,Forking Fern Family / Coral Fern Family,Gleicheniaceae,../img/here/gleicheniaceae.png,yes,families/gleicheniaceae.html
gnetaceae,Gnetaceae,Gnetum Family,Gnetaceae (Gnetum Family),../img/here/gnetaceae.png,yes,families/gnetaceae.html
goebeliellaceae,Goebeliellaceae,Goebeliella Family,Goebeliellaceae (Goebeliella Family),../img/here/goebeliellaceae.png,yes,families/goebeliellaceae.html
gomortegaceae,Gomortegaceae,Queule Family,Gomortegaceae (Queule Family),../img/here/gomortegaceae.png,yes,families/gomortegaceae.html
goodeniaceae,Goodeniaceae,Fan-flower Family,Goodeniaceae (Fan-flower Family),../img/here/goodeniaceae.png,yes,families/goodeniaceae.html
goupiaceae,Goupiaceae,Goupia Family,Goupiaceae (Goupia Family),../img/here/goupiaceae.png,yes,families/goupiaceae.html
grimmiaceae,Grimmiaceae,Grimmia Moss Family / Bristle Moss Family,Grimmiaceae (Grimmia Moss Family),../img/here/grimmiaceae.png,yes,families/grimmiaceae.html
griseliniaceae,Griseliniaceae,Kapuka Family,Griseliniaceae (Kapuka Family),../img/here/griseliniaceae.png,yes,families/griseliniaceae.html
grossulariaceae,Grossulariaceae,Gooseberry Family,Grossulariaceae (Gooseberry Family),../img/here/grossulariaceae.png,yes,families/grossulariaceae.html
grubbiaceae,Grubbiaceae,Silky Bush Family,Grubbiaceae (Silky Bush Family),../img/here/grubbiaceae.png,yes,families/grubbiaceae.html
guamatelaceae,Guamatelaceae,Guamatela Family,Guamatelaceae (Guamatela Family),../img/here/guamatelaceae.png,yes,families/guamatelaceae.html
gunneraceae,Gunneraceae,Giant Rhubarb Family,Gunneraceae (Giant Rhubarb Family),../img/here/gunneraceae.png,yes,families/gunneraceae.html
gunnerales,Gunnerales,An Order Containing Giant Herbs and Resurrection Shrubs,Gunnerales,../img/here/gunnerales.png,no,families/gunnerales.html
gymnomitriaceae,Gymnomitriaceae,Gymnomitrion / Rockwort Family,Gymnomitriaceae (Gymnomitrion / Rockwort Family),../img/here/gymnomitriaceae.png,yes,families/gymnomitriaceae.html
gyrostemonaceae,Gyrostemonaceae,Codonocarpus Family,Gyrostemonaceae (Codonocarpus Family),../img/here/gyrostemonaceae.png,yes,families/gyrostemonaceae.html
haemodoraceae,Haemodoraceae,Bloodwort Family / Kangaroo Paw Family,Haemodoraceae (Bloodwort Family),../img/here/haemodoraceae.png,yes,families/haemodoraceae.html
halophytaceae,Halophytaceae,Halophytum Family,Halophytaceae (Halophytum Family),../img/here/halophytaceae.png,yes,families/halophytaceae.html
haloragaceae,Haloragaceae,Water Milfoil Family,Haloragaceae (Water Milfoil Family),../img/here/haloragaceae.png,yes,families/haloragaceae.html
hamamelidaceae,Hamamelidaceae,Witch-hazel Family,Hamamelidaceae (Witch-hazel Family),../img/here/hamamelidaceae.png,yes,families/hamamelidaceae.html
hanguanaceae,Hanguanaceae,Hanguana Family,Hanguanaceae (Hanguana Family),../img/here/hanguanaceae.png,yes,families/hanguanaceae.html
haplomitriaceae,Haplomitriaceae,Haplomitrium Liverworts,Haplomitriaceae,../img/here/haplomitriaceae.png,yes,families/haplomitriaceae.html
haptanthaceae,Haptanthaceae,Matarras Tree Family,Haptanthaceae (Matarras Tree Family),../img/here/haptanthaceae.png,no,families/haptanthaceae.html
hedwigiaceae,Hedwigiaceae,Hedwigia Moss Family / White-tipped Moss Family,Hedwigiaceae (Hedwigia Moss Family),../img/here/hedwigiaceae.png,yes,families/hedwigiaceae.html
heliconiaceae,Heliconiaceae,Heliconia Family,Heliconiaceae (Heliconia Family),../img/here/heliconiaceae.png,yes,families/heliconiaceae.html
helicophyllaceae,Helicophyllaceae,(Helicophyllum Moss Family),Helicophyllaceae (Helicophyllum Moss Family),../img/here/helicophyllaceae.png,yes,families/helicophyllaceae.html
heliotropiaceae,Heliotropiaceae,Heliotrope Family,Heliotropiaceae (Heliotrope Family),../img/here/heliotropiaceae.png,yes,families/heliotropiaceae.html
helodiaceae,Helodiaceae,Fen Feather Moss Family (Informal),Helodiaceae (Moss Family),../img/here/helodiaceae.png,yes,families/helodiaceae.html
helwingiaceae,Helwingiaceae,Helwingia Family,Helwingiaceae (Helwingia Family),../img/here/helwingiaceae.png,yes,families/helwingiaceae.html
hemidictyaceae,Hemidictyaceae,Marginated Hemidictyum Family,Hemidictyaceae,../img/here/hemidictyaceae.png,yes,families/hemidictyaceae.html
herbertaceae,Herbertaceae,Herbertus / Scissors-leaf Family,Herbertaceae (Herbertus / Scissors-leaf Family),../img/here/herbertaceae.png,yes,families/herbertaceae.html
hernandiaceae,Hernandiaceae,Hernandia Family,Hernandiaceae (Hernandia Family),../img/here/hernandiaceae.png,yes,families/hernandiaceae.html
heteropyxidaceae,Heteropyxidaceae,Lavender Tree Family,Heteropyxidaceae (Lavender Tree Family),../img/here/heteropyxidaceae.png,yes,families/heteropyxidaceae.html
himantandraceae,Himantandraceae,Galbulimima Family,Himantandraceae (Galbulimima Family),../img/here/himantandraceae.png,yes,families/himantandraceae.html
hookeriaceae,Hookeriaceae,Hookeria Moss Family,Hookeriaceae (Hookeria Moss Family),../img/here/hookeriaceae.png,yes,families/hookeriaceae.html
hoplestigmataceae,Hoplestigmataceae,Hoplestigma Family,Hoplestigmataceae (Hoplestigma Family),../img/here/hoplestigmataceae.png,no,families/hoplestigmataceae.html
huaceae,Huaceae,Hua Family,Huaceae (Hua Family),../img/here/huaceae.png,yes,families/huaceae.html
humiriaceae,Humiriaceae,Humiria Family,Humiriaceae (Humiria Family),../img/here/humiriaceae.png,yes,families/humiriaceae.html
hydatellaceae,Hydatellaceae,(No widely accepted common name),Hydatellaceae,../img/here/hydatellaceae.png,yes,families/hydatellaceae.html
hydnoraceae,Hydnoraceae,Jackal Food Family,Hydnoraceae (Jackal Food Family),../img/here/hydnoraceae.png,yes,families/hydnoraceae.html
hydrangeaceae,Hydrangeaceae,Hydrangea Family,Hydrangeaceae (Hydrangea Family),../img/here/hydrangeaceae.png,yes,families/hydrangeaceae.html
hydrocharitaceae,Hydrocharitaceae,Frogbit Family,Hydrocharitaceae (Frogbit Family),../img/here/hydrocharitaceae.png,yes,families/hydrocharitaceae.html
hydroleaceae,Hydroleaceae,Waterleaf Family,Hydroleaceae (Waterleaf Family),../img/here/hydroleaceae.png,yes,families/hydroleaceae.html
hydrophyllaceae,Hydrophyllaceae,Waterleaf Family,Hydrophyllaceae (Waterleaf Family),../img/here/hydrophyllaceae.png,yes,families/hydrophyllaceae.html
hydrostachyaceae,Hydrostachyaceae,(No widely accepted common name),Hydrostachyaceae,../img/here/hydrostachyaceae.png,yes,families/hydrostachyaceae.html
hylocomiaceae,Hylocomiaceae,Stairstep Moss Family / Feather Moss Family,Hylocomiaceae (Stairstep Moss Family),../img/here/hylocomiaceae.png,yes,families/hylocomiaceae.html
hymenophyllaceae,Hymenophyllaceae,Filmy Fern Family,Hymenophyllaceae,../img/here/hymenophyllaceae.png,yes,families/hymenophyllaceae.html
hypericaceae,Hypericaceae,St. John's Wort Family,Hypericaceae (St. John's Wort Family),../img/here/hypericaceae.png,yes,families/hypericaceae.html
hypnaceae,Hypnaceae,Hypnum Moss Family / Feather Moss / Plait Moss Family,Hypnaceae (Hypnum Moss Family),../img/here/hypnaceae.png,yes,families/hypnaceae.html
hypnodendraceae,Hypnodendraceae,Umbrella Moss Family / Tree Moss Family,Hypnodendraceae (Umbrella Moss Family),../img/here/hypnodendraceae.png,yes,families/hypnodendraceae.html
hypodematiaceae,Hypodematiaceae,Glandular Fern Family,Hypodematiaceae (Glandular Fern Family),../img/here/hypodematiaceae.png,no,families/hypodematiaceae.html
hypodontiaceae,Hypodontiaceae,(Hypodontium Moss Family - informal),Hypodontiaceae,../img/here/hypodontiaceae.png,yes,families/hypodontiaceae.html
hypopterygiaceae,Hypopterygiaceae,Parasol Moss Family / Umbrella Moss Family,Hypopterygiaceae (Parasol Moss Family),../img/here/hypopterygiaceae.png,yes,families/hypopterygiaceae.html
hypoxidaceae,Hypoxidaceae,Star Grass Family,Hypoxidaceae (Star Grass Family),../img/here/hypoxidaceae.png,yes,families/hypoxidaceae.html
icacinaceae,Icacinaceae,(No widely accepted common name),Icacinaceae,../img/here/icacinaceae.png,yes,families/icacinaceae.html
illecebraceae,Illecebraceae,Knotwort Family,Illecebraceae (Knotwort Family),../img/here/illecebraceae.png,yes,families/illecebraceae.html
illiciaceae,Illiciaceae,Star Anise Family,Illiciaceae (Star Anise Family),../img/here/illiciaceae.png,no,families/illiciaceae.html
iridaceae,Iridaceae,Iris Family,Iridaceae (Iris Family),../img/here/iridaceae.png,yes,families/iridaceae.html
irvingiaceae,Irvingiaceae,African Mango Family,Irvingiaceae (African Mango Family),../img/here/irvingiaceae.png,yes,families/irvingiaceae.html
isoetaceae,Isoetaceae,Quillwort Family,Isoetaceae (Quillwort Family),../img/here/isoetaceae.png,yes,families/isoetaceae.html
iteaceae,Iteaceae,Sweetspire Family,Iteaceae (Sweetspire Family),../img/here/iteaceae.png,yes,families/iteaceae.html
ixerbaceae,Ixerbaceae,Tāwari Family,Ixerbaceae (Tāwari Family),../img/here/ixerbaceae.png,yes,families/ixerbaceae.html
ixioliriaceae,Ixioliriaceae,Siberian Lily Family,Ixioliriaceae (Siberian Lily Family),../img/here/ixioliriaceae.png,yes,families/ixioliriaceae.html
ixonanthaceae,Ixonanthaceae,(No widely accepted common name),Ixonanthaceae,../img/here/ixonanthaceae.png,yes,families/ixonanthaceae.html
jackiellaceae,Jackiellaceae,Jackiella Family,Jackiellaceae (Jackiella Family),../img/here/jackiellaceae.png,yes,families/jackiellaceae.html
joinvilleaceae,Joinvilleaceae,(No widely accepted common name),Joinvilleaceae,../img/here/joinvilleaceae.png,yes,families/joinvilleaceae.html
jubulaceae,Jubulaceae,(No widely accepted common name),Jubulaceae,../img/here/jubulaceae.png,yes,families/jubulaceae.html
juglandaceae,Juglandaceae,,Juglandaceae (Walnut / Hickory Family),,missing,families/juglandaceae.html
juncaceae,Juncaceae,,Juncaceae (Rush Family),,missing,families/juncaceae.html
juncaginaceae,Juncaginaceae,Arrowgrass Family,Juncaginaceae (Arrowgrass Family),../img/here/juncaginaceae.png,yes,families/juncaginaceae.html
kewaceae,Kewaceae,(No widely accepted common name),Kewaceae,../img/here/kewaceae.png,yes,families/kewaceae.html
kirkiaceae,Kirkiaceae,(No widely accepted common name),Kirkiaceae,../img/here/kirkiaceae.png,yes,families/kirkiaceae.html
koeberliniaceae,Koeberliniaceae,Allthorn Family,Koeberliniaceae (Allthorn Family),../img/here/koeberliniaceae.png,yes,families/koeberliniaceae.html
krameriaceae,Krameriaceae,Ratany Family,Krameriaceae (Ratany Family),../img/here/krameriaceae.png,no,families/krameriaceae.html
lacistemataceae,Lacistemataceae,Lacistema Family,Lacistemataceae (Lacistema Family),../img/here/lacistemataceae.png,yes,families/lacistemataceae.html
lamiaceae,Lamiaceae (Labiatae),,Lamiaceae (Mint / Deadnettle Family),,missing,families/lamiaceae.html
lanariaceae,Lanariaceae,Cape Edelweiss / Lambstails Family,Lanariaceae (Cape Edelweiss Family),../img/here/lanariaceae.png,yes,families/lanariaceae.html
lardizabalaceae,Lardizabalaceae,(No single widely accepted common name),Lardizabalaceae,../img/here/lardizabalaceae.png,yes,families/lardizabalaceae.html
lauraceae,Lauraceae,,Lauraceae (Laurel Family),,missing,families/lauraceae.html
lecythidaceae,Lecythidaceae,Brazil Nut Family / Monkey Pot Family,Lecythidaceae (Brazil Nut Family),../img/here/lecythidaceae.png,yes,families/lecythidaceae.html
leiosporocerotaceae,Leiosporocerotales,A Hornwort Order,Leiosporocerotales (Hornwort Order),../img/here/leiosporocerotaceae.png,yes,families/leiosporocerotaceae.html
lejeuneaceae,Lejeuneaceae,Lejeunea Family,Lejeuneaceae,../img/here/lejeuneaceae.png,yes,families/lejeuneaceae.html
lembophyllaceae,Lembophyllaceae,(No widely accepted common name),Lembophyllaceae,../img/here/lembophyllaceae.png,yes,families/lembophyllaceae.html
lennoaceae,Lennoaceae,Sand Food Family,Lennoaceae (Sand Food Family),../img/here/lennoaceae.png,yes,families/lennoaceae.html
lentibulariaceae,Lentibulariaceae,Bladderwort Family,Lentibulariaceae (Bladderwort Family),../img/here/lentibulariaceae.png,yes,families/lentibulariaceae.html
lepicoleaceae,Lepicoleaceae,Lepicolea / Featherwort Family,Lepicoleaceae (Lepicolea / Featherwort Family),../img/here/lepicoleaceae.png,yes,families/lepicoleaceae.html
lepidobotryaceae,Lepidobotryaceae,(No widely accepted common name),Lepidobotryaceae,../img/here/lepidobotryaceae.png,yes,families/lepidobotryaceae.html
lepidolaenaceae,Lepidolaenaceae,Lepidolaena Family,Lepidolaenaceae (Lepidolaena Family),../img/here/lepidolaenaceae.png,yes,families/lepidolaenaceae.html
lepidoziaceae,Lepidoziaceae,Whipwort / Fingerwort Family (common names for some genera),Lepidoziaceae,../img/here/lepidoziaceae.png,yes,families/lepidoziaceae.html
leptostomataceae,Leptostomataceae,,Leptostomataceae,../img/here/leptostomataceae.png,yes,families/leptostomataceae.html
lepyrodontaceae,Lepyrodontaceae,Scale-tooth Moss Family (Informal),Lepyrodontaceae (Moss Family),../img/here/lepyrodontaceae.png,yes,families/lepyrodontaceae.html
leskeaceae,Leskeaceae,Leskea Moss Family,Leskeaceae,../img/here/leskeaceae.png,yes,families/leskeaceae.html
leucobryaceae,Leucobryaceae,Pincushion Moss / White Moss Family,Leucobryaceae,../img/here/leucobryaceae.png,yes,families/leucobryaceae.html
leucodontaceae,Leucodontaceae,Leucodon Moss Family,Leucodontaceae,../img/here/leucodontaceae.png,yes,families/leucodontaceae.html
leucomiaceae,Leucomiaceae,Pale Thread Moss Family (Informal),Leucomiaceae (Moss Family),../img/here/leucomiaceae.png,yes,families/leucomiaceae.html
liliaceae,Liliaceae,,Liliaceae (Lily Family),,missing,families/liliaceae.html
limeaceae,Limeaceae,(No widely accepted common name),Limeaceae,../img/here/limeaceae.png,yes,families/limeaceae.html
limnanthaceae,Limnanthaceae,Meadowfoam Family,Limnanthaceae (Meadowfoam Family),../img/here/limnanthaceae.png,yes,families/limnanthaceae.html
linaceae,Linaceae,Flax Family,Linaceae (Flax Family),../img/here/linaceae.png,yes,families/linaceae.html
linderniaceae,Linderniaceae,False Pimpernel Family,Linderniaceae (False Pimpernel Family),../img/here/linderniaceae.png,yes,families/linderniaceae.html
lindsaeaceae,Lindsaeaceae,Lindsaea Fern Family,Lindsaeaceae (Lindsaea Fern Family),../img/here/lindsaeaceae.png,yes,families/lindsaeaceae.html
loasaceae,Loasaceae,Stickleaf Family / Rock Nettle Family,Loasaceae (Stickleaf Family),../img/here/loasaceae.png,yes,families/loasaceae.html
loganiaceae,Loganiaceae,Strychnine Family,Loganiaceae (Strychnine Family),../img/here/loganiaceae.png,yes,families/loganiaceae.html
lomariopsidaceae,Lomariopsidaceae,"(No single common name; includes climbing ferns, shield ferns)",Lomariopsidaceae,../img/here/lomariopsidaceae.png,yes,families/lomariopsidaceae.html
lonchitidaceae,Lonchitidaceae,(No common name; often Lonchitis Family),Lonchitidaceae,../img/here/lonchitidaceae.png,yes,families/lonchitidaceae.html
lophiocarpaceae,Lophiocarpaceae,(No widely accepted common name),Lophiocarpaceae,../img/here/lophiocarpaceae.png,yes,families/lophiocarpaceae.html
lophocoleaceae,Lophocoleaceae,Crestwort Family (common name for,Lophocoleaceae,../img/here/lophocoleaceae.png,yes,families/lophocoleaceae.html
lophopyxidaceae,Lophopyxidaceae,(No widely accepted common name),Lophopyxidaceae,../img/here/lophopyxidaceae.png,yes,families/lophopyxidaceae.html
lophoziaceae,Lophoziaceae,Notchwort Family,Lophoziaceae (Notchwort Family),../img/here/lophoziaceae.png,yes,families/lophoziaceae.html
loranthaceae,Loranthaceae,Showy Mistletoe Family,Loranthaceae (Showy Mistletoe Family),../img/here/loranthaceae.png,yes,families/loranthaceae.html
lowiaceae,Lowiaceae,(Orchidantha Family),Lowiaceae (Orchidantha Family),../img/here/lowiaceae.png,yes,families/lowiaceae.html
loxsomataceae,Loxsomataceae,(No common name),Loxsomataceae,../img/here/loxsomataceae.png,yes,families/loxsomataceae.html
lunulariaceae,Lunulariaceae,Crescent-cup Liverwort,Lunulariaceae,../img/here/lunulariaceae.png,yes,families/lunulariaceae.html
lycopodiaceae,Lycopodiaceae,Clubmoss Family / Ground Pine Family,Lycopodiaceae (Clubmoss Family),../img/here/lycopodiaceae.png,yes,families/lycopodiaceae.html
lycopodiales,Order Lycopodiales,Clubmoss Order,Order Lycopodiales (Clubmosses),../img/here/lycopodiales.png,no,families/lycopodiales.html
lycopodiophyta,Phylum Lycopodiophyta,,Phylum Lycopodiophyta (Lycophytes),,missing,families/lycopodiophyta.html
lygodiaceae,Lygodiaceae,Climbing Fern Family,Lygodiaceae (Climbing Fern Family),../img/here/lygodiaceae.png,yes,families/lygodiaceae.html
lythraceae,Lythraceae,Loosestrife Family,Lythraceae (Loosestrife Family),../img/here/lythraceae.png,yes,families/lythraceae.html
macarthuriaceae,Macarthuriaceae,(No widely accepted common name),Macarthuriaceae,../img/here/macarthuriaceae.png,yes,families/macarthuriaceae.html
magnoliaceae,Magnoliaceae,,Magnoliaceae (Magnolia Family),,missing,families/magnoliaceae.html
makinoaceae,Makinoaceae,No widely accepted common name,Makinoaceae,../img/here/makinoaceae.png,yes,families/makinoaceae.html
malesherbiaceae,Malesherbiaceae,Malesherbia Family,Malesherbiaceae (Malesherbia Family),../img/here/malesherbiaceae.png,yes,families/malesherbiaceae.html
malpighiaceae,Malpighiaceae,Barbados Cherry Family / Malpighia Family,Malpighiaceae (Barbados Cherry Family),../img/here/malpighiaceae.png,yes,families/malpighiaceae.html
malvaceae,Malvaceae,,Malvaceae (Mallow / Cotton Family),,missing,families/malvaceae.html
marantaceae,Marantaceae,Prayer Plant Family / Arrowroot Family,Marantaceae (Prayer Plant Family),../img/here/marantaceae.png,yes,families/marantaceae.html
marattiaceae,Marattiaceae,Giant Fern Family / Marattia Family,Marattiaceae,../img/here/marattiaceae.png,yes,families/marattiaceae.html
marcgraviaceae,Marcgraviaceae,Marcgravia Family / Shingle Plant Family,Marcgraviaceae (Marcgravia Family),../img/here/marcgraviaceae.png,yes,families/marcgraviaceae.html
marchantiaceae,Marchantiaceae,Marchantia Family,Marchantiaceae (Marchantia Family),../img/here/marchantiaceae.png,yes,families/marchantiaceae.html
marchantiophyta,Phylum Marchantiophyta,,Phylum Marchantiophyta (Liverworts) - Bryophyte Guide,,missing,families/marchantiophyta.html
marsileaceae,Marsileaceae,Water Clover / Pepperwort Family,Marsileaceae (Water Clover Family),../img/here/marsileaceae.png,yes,families/marsileaceae.html
martyniaceae,Martyniaceae,Unicorn Plant Family / Devil's Claw Family,Martyniaceae (Unicorn Plant Family),../img/here/martyniaceae.png,yes,families/martyniaceae.html
mastigophoraceae,Mastigophoraceae,Mastigophora / Whip-bearing Liverwort Family,Mastigophoraceae (Mastigophora / Whip-bearing Liverwort Family),../img/here/mastigophoraceae.png,yes,families/mastigophoraceae.html
matoniaceae,Matoniaceae,Matonia Fern Family,Matoniaceae,../img/here/matoniaceae.png,yes,families/matoniaceae.html
maundiaceae,Maundiaceae,(No widely accepted common name),Maundiaceae (Maundia Family),../img/here/maundiaceae.png,yes,families/maundiaceae.html
mayacaceae,Mayacaceae,Bog Moss Family,Mayacaceae (Bog Moss Family),../img/here/mayacaceae.png,yes,families/mayacaceae.html
mazaceae,Mazaceae,(Mazus Family - informal),Mazaceae (Mazus Family),../img/here/mazaceae.png,yes,families/mazaceae.html
meesiaceae,Meesiaceae,Meesia Moss Family,Meesiaceae,../img/here/meesiaceae.png,yes,families/meesiaceae.html
melanthiaceae,Melanthiaceae,Bunchflower Family / Trillium Family,Melanthiaceae (Bunchflower Family),../img/here/melanthiaceae.png,yes,families/melanthiaceae.html
melastomataceae,Melastomataceae,Melastome Family / Meadow Beauty Family,Melastomataceae (Melastome Family),../img/here/melastomataceae.png,yes,families/melastomataceae.html
meliaceae,Meliaceae,Mahogany Family,Meliaceae (Mahogany Family),../img/here/meliaceae.png,yes,families/meliaceae.html
melianthaceae,Melianthaceae,Honey Flower Family,Melianthaceae (Honey Flower Family),../img/here/melianthaceae.png,yes,families/melianthaceae.html
menispermaceae,Menispermaceae,Moonseed Family,Menispermaceae (Moonseed Family),../img/here/menispermaceae.png,yes,families/menispermaceae.html
menyanthaceae,Menyanthaceae,Bogbean Family,Menyanthaceae (Bogbean Family),../img/here/menyanthaceae.png,yes,families/menyanthaceae.html
mesoptychiaceae,Mesoptychiaceae,Mesoptychia Family,Mesoptychiaceae (Mesoptychia Family),../img/here/mesoptychiaceae.png,yes,families/mesoptychiaceae.html
metaxyaceae,Metaxyaceae,(No common name; often Metaxya Family),Metaxyaceae,../img/here/metaxyaceae.png,yes,families/metaxyaceae.html
meteoriaceae,Meteoriaceae,Meteor Moss Family,Meteoriaceae,../img/here/meteoriaceae.png,yes,families/meteoriaceae.html
metteniusaceae,Metteniusaceae,(No widely accepted common name),Metteniusaceae,../img/here/metteniusaceae.png,yes,families/metteniusaceae.html
micromitriaceae,Micromitriaceae,(Micromitrium Moss Family - informal),Micromitriaceae,../img/here/micromitriaceae.png,yes,families/micromitriaceae.html
microteaceae,Microteaceae,(No widely accepted common name),Microteaceae,../img/here/microteaceae.png,yes,families/microteaceae.html
microtheciellaceae,Microtheciellaceae,Micro Capsule Moss Family (Informal),Microtheciellaceae (Moss Family),../img/here/microtheciellaceae.png,yes,families/microtheciellaceae.html
misodendraceae,Misodendraceae,Nothofagus Mistletoes / Feather Mistletoes,Misodendraceae (Nothofagus Mistletoes),../img/here/misodendraceae.png,yes,families/misodendraceae.html
mitrastemonaceae,Mitrastemonaceae,(No widely accepted common name),Mitrastemonaceae,../img/here/mitrastemonaceae.png,yes,families/mitrastemonaceae.html
mitteniaceae,Mitteniaceae,Goblin Gold Moss / Luminous Moss Family,Mitteniaceae,../img/here/mitteniaceae.png,yes,families/mitteniaceae.html
mizutaniaceae,Mizutaniaceae,No widely accepted common name,Mizutaniaceae,../img/here/mizutaniaceae.png,yes,families/mizutaniaceae.html
mniaceae,Mniaceae,Mnia Moss Family / Leafy Moss Family,Mniaceae,../img/here/mniaceae.png,yes,families/mniaceae.html
molluginaceae,Molluginaceae,Carpetweed Family,Molluginaceae (Carpetweed Family),../img/here/molluginaceae.png,yes,families/molluginaceae.html
monimiaceae,Monimiaceae,Monimia Family / Boldo Family,Monimiaceae (Monimia Family),../img/here/monimiaceae.png,yes,families/monimiaceae.html
monocarpaceae,Monocarpaceae,Monocarpus Liverwort,Monocarpaceae,../img/here/monocarpaceae.png,yes,families/monocarpaceae.html
monosoleniaceae,Monosoleniaceae,Monosolenium Liverwort,Monosoleniaceae,../img/here/monosoleniaceae.png,yes,families/monosoleniaceae.html
montiaceae,Montiaceae,Miner's Lettuce Family,Montiaceae (Miner's Lettuce Family),../img/here/montiaceae.png,yes,families/montiaceae.html
montiniaceae,Montiniaceae,(No widely accepted common name),Montiniaceae,../img/here/montiniaceae.png,yes,families/montiniaceae.html
moraceae,Moraceae,,Moraceae (Fig / Mulberry Family),,missing,families/moraceae.html
moringaceae,"Moringaceae (Moringa Family) - Plant Families Explorer












Plant Families Explorer









Home
Phylogenetic Tree
Plant Families
Field Identification
Dichotomous Key
About














Moringaceae",Moringa Family,Moringaceae,../img/here/moringaceae.png,yes,families/moringaceae.html
muntingiaceae,Muntingiaceae,Calabur Tree Family,Muntingiaceae (Calabur Tree Family),../img/here/muntingiaceae.png,yes,families/muntingiaceae.html
musaceae,Musaceae,Banana Family,Musaceae (Banana Family),,missing,families/musaceae.html
myliaceae,Myliaceae,Mylia Family,Myliaceae (Mylia Family),../img/here/myliaceae.png,yes,families/myliaceae.html
myodocarpaceae,Myodocarpaceae,(No widely accepted common name),Myodocarpaceae,../img/here/myodocarpaceae.png,yes,families/myodocarpaceae.html
myricaceae,Myricaceae,Bayberry Family / Wax Myrtle Family,Myricaceae (Bayberry Family),../img/here/myricaceae.png,yes,families/myricaceae.html
myriniaceae,Myriniaceae,Myrinia Moss Family (Informal),Myriniaceae (Moss Family),../img/here/myriniaceae.png,yes,families/myriniaceae.html
myristicaceae,Myristicaceae,Nutmeg Family,Myristicaceae (Nutmeg Family),../img/here/myristicaceae.png,yes,families/myristicaceae.html
myrothamnaceae,Myrothamnaceae,Resurrection Plant Family,Myrothamnaceae (Resurrection Plant Family),../img/here/myrothamnaceae.png,yes,families/myrothamnaceae.html
myrtaceae,Myrtaceae,,Myrtaceae (Myrtle Family),,missing,families/myrtaceae.html
myuriaceae,Myuriaceae,Cat-tail Moss Family (Informal),Myuriaceae (Moss Family),../img/here/myuriaceae.png,yes,families/myuriaceae.html
namaceae,Namaceae,Nama Family,Namaceae (Nama Family),../img/here/namaceae.png,yes,families/namaceae.html
nartheciaceae,Nartheciaceae,Bog Asphodel Family,Nartheciaceae (Bog Asphodel Family),../img/here/nartheciaceae.png,yes,families/nartheciaceae.html
neckeraceae,Neckeraceae,Neckera Moss Family,Neckeraceae,../img/here/neckeraceae.png,yes,families/neckeraceae.html
nelumbonaceae,Nelumbonaceae,Lotus Family,Nelumbonaceae (Lotus Family),../img/here/nelumbonaceae.png,yes,families/nelumbonaceae.html
neohodgsoniaceae,Noterocladaceae,"No widely accepted common name (sometimes associated with ""Smooth Hornwort"" for",Noterocladaceae,../img/here/neohodgsoniaceae.png,yes,families/neohodgsoniaceae.html
nepenthaceae,Nepenthaceae,Tropical Pitcher Plant Family,Nepenthaceae (Tropical Pitcher Plant Family),../img/here/nepenthaceae.png,yes,families/nepenthaceae.html
nephrolepidaceae,Nephrolepidaceae,Sword Fern Family / Boston Fern Family,Nephrolepidaceae,../img/here/nephrolepis_exaltata.png,no,families/nephrolepidaceae.html
neuradaceae,Neuradaceae,(No widely accepted common name),Neuradaceae,../img/here/neuradaceae.png,yes,families/neuradaceae.html
nitrariaceae,Nitrariaceae,Nitre Bush Family,Nitrariaceae (Nitre Bush Family),../img/here/nitrariaceae.png,yes,families/nitrariaceae.html
nothofagaceae,Nothofagaceae,Southern Beech Family,Nothofagaceae (Southern Beech Family),../img/here/nothofagaceae.png,yes,families/nothofagaceae.html
notothyladaceae,Notothyladales,A Hornwort Order,Notothyladales (Hornwort Order),../img/here/notothyladaceae.png,yes,families/notothyladaceae.html
nyctaginaceae,Nyctaginaceae,Four O'Clock Family,Nyctaginaceae (Four O'Clock Family),../img/here/nyctaginaceae.png,yes,families/nyctaginaceae.html
nymphaeaceae,Nymphaeaceae,Water Lily Family,Nymphaeaceae (Water Lily Family),../img/here/nymphaeaceae.png,yes,families/nymphaeaceae.html
nyssaceae,Nyssaceae,Tupelo Family,Nyssaceae (Tupelo Family),../img/here/nyssaceae.png,yes,families/nyssaceae.html
ochnaceae,Ochnaceae,Ochna Family / Mickey Mouse Plant Family,Ochnaceae (Ochna Family),../img/here/ochnaceae.png,yes,families/ochnaceae.html
oedipodiaceae,Oedipodiaceae,Oedipodium Moss Family,Oedipodiaceae,../img/here/oedipodiaceae.png,yes,families/oedipodiaceae.html
olacaceae,Olacaceae,Olax Family,Olacaceae (Olax Family),../img/here/olacaceae.png,yes,families/olacaceae.html
oleaceae,Oleaceae,,Oleaceae (Olive Family),,missing,families/oleaceae.html
oleandraceae,Oleandraceae,Oleandra Fern Family,Oleandraceae (Oleandra Fern Family),../img/here/oleandraceae.png,yes,families/oleandraceae.html
oliniaceae,Oliniaceae,Hard Pear Family,Oliniaceae (Hard Pear Family),../img/here/oliniaceae.png,yes,families/oliniaceae.html
onagraceae,Onagraceae,Evening Primrose Family / Willowherb Family,Onagraceae (Evening Primrose Family),../img/here/onagraceae.png,yes,families/onagraceae.html
oncothecaceae,Oncothecaceae,(No common name widely used),Oncothecaceae,../img/here/oncothecaceae.png,yes,families/oncothecaceae.html
onocleaceae,Onocleaceae,Sensitive Fern / Ostrich Fern Family,Onocleaceae,../img/here/onocleaceae.png,yes,families/onocleaceae.html
ophioglossaceae,Ophioglossaceae,Adder's-tongue Family / Grape Fern Family,Ophioglossaceae (Adder's-tongue Family),../img/here/ophioglossaceae.png,yes,families/ophioglossaceae.html
opiliaceae,Opiliaceae,(No common name widely used),Opiliaceae,../img/here/opiliaceae.png,yes,families/opiliaceae.html
orchidaceae,Orchidaceae,,Orchidaceae (Orchid Family),,missing,families/orchidaceae.html
orobanchaceae,Orobanchaceae,Broomrape Family,Orobanchaceae (Broomrape Family),,missing,families/orobanchaceae.html
orthodontiaceae,Orthodontiaceae,Orthodontium Moss Family,Orthodontiaceae,../img/here/orthodontiaceae.png,yes,families/orthodontiaceae.html
orthorrhynchiaceae,Orthorrhynchiaceae,Elegant Button Moss Family (Informal),Orthorrhynchiaceae (Moss Family),../img/here/orthorrhynchiaceae.png,yes,families/orthorrhynchiaceae.html
orthotrichaceae,Orthotrichaceae,Bristle Moss / Orthotrichum Moss Family,Orthotrichaceae,../img/here/orthotrichaceae.png,yes,families/orthotrichaceae.html
osmundaceae,Osmundaceae,Royal Fern Family,Osmundaceae (Royal Fern Family),../img/here/osmundaceae.png,yes,families/osmundaceae.html
oxalidaceae,Oxalidaceae,Wood Sorrel Family,Oxalidaceae (Wood Sorrel Family),../img/here/oxalidaceae.png,yes,families/oxalidaceae.html
oxymitraceae,Oxymitraceae,Pointed-scale Liverwort,Oxymitraceae,../img/here/oxymitraceae.png,yes,families/oxymitraceae.html
paeoniaceae,Paeoniaceae,Peony Family,Paeoniaceae (Peony Family),../img/here/paeoniaceae.png,yes,families/paeoniaceae.html
pandaceae,Pandaceae,(No common name widely used),Pandaceae,../img/here/pandaceae.png,yes,families/pandaceae.html
pandanaceae,Pandanaceae,Screw Pine Family,Pandanaceae (Screw Pine Family),../img/here/pandanaceae.png,yes,families/pandanaceae.html
papaveraceae,Papaveraceae,Poppy Family,Papaveraceae (Poppy Family),../img/here/papaveraceae.png,yes,families/papaveraceae.html
paracryphiaceae,Paracryphiaceae,(No common name widely used),Paracryphiaceae,../img/here/paracryphiaceae.png,yes,families/paracryphiaceae.html
passifloraceae,Passifloraceae,Passion Flower Family,Passifloraceae (Passion Flower Family),../img/here/passifloraceae.png,yes,families/passifloraceae.html
paulowniaceae,Paulowniaceae,Empress Tree Family / Princess Tree Family,Paulowniaceae (Empress Tree Family),../img/here/paulowniaceae.png,yes,families/paulowniaceae.html
pedaliaceae,Pedaliaceae,Sesame Family,Pedaliaceae (Sesame Family),../img/here/pedaliaceae.png,yes,families/pedaliaceae.html
pelliaceae,Pelliaceae,Pellia Family,Pelliaceae (Pellia Family),../img/here/pelliaceae.png,yes,families/pelliaceae.html
penaeaceae,Penaeaceae,Penaea Family,Penaeaceae (Penaea Family),../img/here/penaeaceae.png,yes,families/penaeaceae.html
pennantiaceae,Pennantiaceae,"Kaikōmako Family (informal, NZ)",Pennantiaceae,../img/here/pennantiaceae.png,yes,families/pennantiaceae.html
pentadiplandraceae,Pentadiplandraceae,Oubli Family (local name),Pentadiplandraceae,../img/here/pentadiplandraceae.png,yes,families/pentadiplandraceae.html
pentaphragmataceae,Pentaphragmataceae,(No common name widely used),Pentaphragmataceae,../img/here/pentaphragmataceae.png,yes,families/pentaphragmataceae.html
pentaphylacaceae,Pentaphylacaceae,(No common name widely used),Pentaphylacaceae,../img/here/pentaphylacaceae.png,yes,families/pentaphylacaceae.html
penthoraceae,Penthoraceae,Ditch Stonecrop Family,Penthoraceae (Ditch Stonecrop Family),../img/here/penthoraceae.png,yes,families/penthoraceae.html
peraceae,Peraceae,(No common name widely used),Peraceae,../img/here/peraceae.png,yes,families/peraceae.html
peridiscaceae,Peridiscaceae,(No common name widely used),Peridiscaceae,../img/here/peridiscaceae.png,yes,families/peridiscaceae.html
perssoniellaceae,Perssoniellaceae,No widely accepted common name,Perssoniellaceae,../img/here/perssoniellaceae.png,yes,families/perssoniellaceae.html
petenaeaceae,Petenaeaceae,,Petenaeaceae,../img/here/petenaeaceae.png,yes,families/petenaeaceae.html
petermanniaceae,Petermanniaceae,,Petermanniaceae,../img/here/petermanniaceae.png,yes,families/petermanniaceae.html
petiveriaceae,Petiveriaceae,,Petiveriaceae,../img/here/petiveriaceae.png,yes,families/petiveriaceae.html
petrosaviaceae,Petrosaviaceae,,Petrosaviaceae,../img/here/petrosaviaceae.png,yes,families/petrosaviaceae.html
petrosimoniaceae,Petrosimoniaceae,Petrosimonia Family,Petrosimoniaceae (Petrosimonia Family),../img/here/petrosimoniaceae.png,yes,families/petrosimoniaceae.html
phellinaceae,Phellinaceae,,Phellinaceae,../img/here/phellinaceae.png,yes,families/phellinaceae.html
philesiaceae,Philesiaceae,,Philesiaceae,../img/here/philesiaceae.png,yes,families/philesiaceae.html
philydraceae,Philydraceae,,Philydraceae,../img/here/philydraceae.png,yes,families/philydraceae.html
phrymaceae,Phrymaceae,,Phrymaceae,../img/here/phrymaceae.png,yes,families/phrymaceae.html
phyllanthaceae,Phyllanthaceae,,Phyllanthaceae,../img/here/phyllanthaceae.png,yes,families/phyllanthaceae.html
phyllodrepaniaceae,Phyllodrepaniaceae,Sickle-leaf Moss Family (Informal),Phyllodrepaniaceae (Moss Family),../img/here/phyllodrepaniaceae.png,yes,families/phyllodrepaniaceae.html
phyllogoniaceae,Phyllogoniaceae,Phyllogonium Moss Family,Phyllogoniaceae,../img/here/phyllogoniaceae.png,yes,families/phyllogoniaceae.html
phyllonomaceae,Phyllonomaceae,,Phyllonomaceae,../img/here/phyllonomaceae.png,yes,families/phyllonomaceae.html
phymatocerotaceae,Phymatocerotaceae,No widely recognized common name,Phymatocerotaceae,../img/here/phymatocerotaceae.png,yes,families/phymatocerotaceae.html
phymatocerotales,Phymatocerotales,A Hornwort Order,Phymatocerotales (Hornwort Order),../img/here/phymatocerotales.png,no,families/phymatocerotales.html
physenaceae,Physenaceae,,Physenaceae,../img/here/physenaceae.png,yes,families/physenaceae.html
phytolaccaceae,Phytolaccaceae,,Phytolaccaceae,../img/here/phytolaccaceae.png,yes,families/phytolaccaceae.html
picramniaceae,Picramniaceae,,Picramniaceae,../img/here/picramniaceae.png,yes,families/picramniaceae.html
picrodendraceae,Picrodendraceae,,Picrodendraceae,../img/here/picrodendraceae.png,yes,families/picrodendraceae.html
pilotrichaceae,Pilotrichaceae,Pilotrichum Moss Family,Pilotrichaceae,../img/here/pilotrichaceae.png,yes,families/pilotrichaceae.html
pinaceae,Pinaceae,Pine Family,Pinaceae (Pine Family),,missing,families/pinaceae.html
piperaceae,Piperaceae,,Piperaceae,../img/here/piperaceae.png,yes,families/piperaceae.html
pittosporaceae,Pittosporaceae,,Pittosporaceae,../img/here/pittosporaceae.png,yes,families/pittosporaceae.html
plagiochilaceae,Plagiochilaceae,Notchwort Family (common name sometimes used for,Plagiochilaceae,../img/here/plagiochilaceae.png,yes,families/plagiochilaceae.html
plagiogyriaceae,Plagiogyriaceae,(No common name; often Plagiogyria Family),Plagiogyriaceae,../img/here/plagiogyriaceae.png,yes,families/plagiogyriaceae.html
plagiotheciaceae,Plagiotheciaceae,Silk Moss Family / Plagiothecium Moss Family,Plagiotheciaceae (Moss Family),../img/here/plagiotheciaceae.png,yes,families/plagiotheciaceae.html
plantaginaceae,Plantaginaceae,Plantain Family (sensu lato),Plantaginaceae (Plantain Family),,missing,families/plantaginaceae.html
platanaceae,Platanaceae,Plane Tree Family / Sycamore Family,Platanaceae (Plane Tree / Sycamore Family),,missing,families/platanaceae.html
pleurophascaceae,Pleurophascaceae,(Pleurophascum Moss Family - informal),Pleurophascaceae,../img/here/pleurophascaceae.png,yes,families/pleurophascaceae.html
pleuroziaceae,Pleuroziaceae,Sacwort Family (common name for,Pleuroziaceae,../img/here/pleuroziaceae.png,yes,families/pleuroziaceae.html
plocospermataceae,Plocospermataceae,,Plocospermataceae,../img/here/plocospermataceae.png,yes,families/plocospermataceae.html
plumbaginaceae,Plumbaginaceae,,Plumbaginaceae,../img/here/plumbaginaceae.png,yes,families/plumbaginaceae.html
poaceae,Poaceae,Grass Family,Poaceae (Grass Family),,missing,families/poaceae.html
podocarpaceae,Podocarpaceae,,Podocarpaceae,../img/here/podocarpaceae.png,yes,families/podocarpaceae.html
podostemaceae,Podostemaceae,,Podostemaceae,../img/here/podostemaceae.png,yes,families/podostemaceae.html
polemoniaceae,Polemoniaceae,,Polemoniaceae,../img/here/polemoniaceae.png,yes,families/polemoniaceae.html
polygalaceae,Polygalaceae,,Polygalaceae,../img/here/polygalaceae.png,yes,families/polygalaceae.html
polygonaceae,Polygonaceae,,Polygonaceae (Buckwheat / Knotweed Family),,missing,families/polygonaceae.html
polyosmaceae,Polyosmaceae,Polyosma Family,Polyosmaceae (Polyosma Family),../img/here/polyosmaceae.png,yes,families/polyosmaceae.html
polypodiaceae,Polypodiaceae,Polypody Family,Polypodiaceae (Polypody Family),,missing,families/polypodiaceae.html
polypodiopsida,Class Polypodiopsida,,Class Polypodiopsida (Leptosporangiate Ferns),,missing,families/polypodiopsida.html
polytrichaceae,Polytrichaceae,Haircap Moss Family,Polytrichaceae (Haircap Moss Family),../img/here/polytrichaceae.png,yes,families/polytrichaceae.html
pontederiaceae,Pontederiaceae,,Pontederiaceae,../img/here/pontederiaceae.png,yes,families/pontederiaceae.html
porellaceae,Porellaceae,Porella / Scale-leaf Family,Porellaceae (Porella / Scale-leaf Family),../img/here/porellaceae.png,yes,families/porellaceae.html
portulacaceae,Portulacaceae,,Portulacaceae,../img/here/portulacaceae.png,yes,families/portulacaceae.html
posidoniaceae,Posidoniaceae,Neptune Grass Family / Strap-weed Family,Posidoniaceae (Neptune Grass Family),../img/here/posidoniaceae.png,yes,families/posidoniaceae.html
potamogetonaceae,Potamogetonaceae,Pondweed Family,Potamogetonaceae (Pondweed Family),../img/here/potamogetonaceae.png,yes,families/potamogetonaceae.html
pottiaceae,Pottiaceae,Wall Moss Family,Pottiaceae (Wall Moss Family),../img/here/pottiaceae.png,yes,families/pottiaceae.html
primulaceae,Primulaceae,Primrose Family (sensu lato),Primulaceae (Primrose Family),,missing,families/primulaceae.html
prionodontaceae,Prionodontaceae,Prionodon Moss Family,Prionodontaceae,../img/here/prionodontaceae.png,yes,families/prionodontaceae.html
proteaceae,Proteaceae,Protea Family / Silver Tree Family,Proteaceae (Protea Family),,missing,families/proteaceae.html
pseudoditrichaceae,Pseudoditrichaceae,(No widely accepted common name),Pseudoditrichaceae,../img/here/pseudoditrichaceae.png,yes,families/pseudoditrichaceae.html
pseudolepicoleaceae,Pseudolepicoleaceae,No widely accepted common name,Pseudolepicoleaceae,../img/here/pseudolepicoleaceae.png,yes,families/pseudolepicoleaceae.html
pseudoleskeaceae,Pseudoleskeaceae,Pseudoleskea Moss Family (Informal),Pseudoleskeaceae (Moss Family),../img/here/pseudoleskeaceae.png,yes,families/pseudoleskeaceae.html
pseudoleskeellaceae,Pseudoleskeellaceae,Pseudoleskeella Moss Family (Informal),Pseudoleskeellaceae (Moss Family),../img/here/pseudoleskeellaceae.png,yes,families/pseudoleskeellaceae.html
psilotaceae,Psilotaceae,Whisk Fern Family,Psilotaceae (Whisk Fern Family),../img/here/psilotaceae.png,yes,families/psilotaceae.html
psiloxylaceae,Psiloxylaceae,Bois de Pêche Marron Family,Psiloxylaceae (Bois de Pêche Marron Family),../img/here/psiloxylaceae.png,yes,families/psiloxylaceae.html
pteridaceae,Pteridaceae,Maidenhair Fern Family / Brake Family,Pteridaceae (Maidenhair Fern Family),../img/here/pteridaceae.png,yes,families/pteridaceae.html
pterigynandraceae,Pterigynandraceae,Pterigynandrum Moss Family,Pterigynandraceae,../img/here/pterigynandraceae.png,yes,families/pterigynandraceae.html
pterobryaceae,Pterobryaceae,Pterobryum Moss Family,Pterobryaceae,../img/here/pterobryaceae.png,yes,families/pterobryaceae.html
pterobryellaceae,Pterobryellaceae,Large Treelet Moss Family (Informal),Pterobryellaceae (Moss Family),../img/here/pterobryellaceae.png,yes,families/pterobryellaceae.html
ptychomitriaceae,Ptychomitriaceae,Ptychomitrium Moss Family,Ptychomitriaceae,../img/here/ptychomitriaceae.png,yes,families/ptychomitriaceae.html
ptychomniaceae,Ptychomniaceae,Ptychomnion Moss Family,Ptychomniaceae (Ptychomnion Moss Family),../img/here/ptychomniaceae.png,yes,families/ptychomniaceae.html
pulchrinodaceae,Pulchrinodaceae,Beautiful Tooth Moss Family (Informal),Pulchrinodaceae,../img/here/pulchrinodaceae.png,yes,families/pulchrinodaceae.html
putranjivaceae,Putranjivaceae,Putranjiva Family,Putranjivaceae (Putranjiva Family),../img/here/putranjivaceae.png,yes,families/putranjivaceae.html
pylaisiadelphaceae,Pylaisiadelphaceae,(No widely accepted common name),Pylaisiadelphaceae,../img/here/pylaisiadelphaceae.png,yes,families/pylaisiadelphaceae.html
quillajaceae,Quillajaceae,Soapbark Family,Quillajaceae (Soapbark Family),../img/here/quillajaceae.png,yes,families/quillajaceae.html
quintiniaceae,Quintiniaceae,Quintinia Family,Quintiniaceae (Quintinia Family),../img/here/quintiniaceae.png,yes,families/quintiniaceae.html
racopilaceae,Racopilaceae,Racopilum Moss Family,Racopilaceae (Racopilum Moss Family),../img/here/racopilaceae.png,yes,families/racopilaceae.html
radulaceae,Radulaceae,Radula Family,Radulaceae (Radula Family),../img/here/radulaceae.png,yes,families/radulaceae.html
rafflesiaceae,Rafflesiaceae,Corpse Flower Family (Rafflesia),Rafflesiaceae (Corpse Flower Family - Rafflesia),../img/here/rafflesiaceae.png,yes,families/rafflesiaceae.html
ranunculaceae,Ranunculaceae,Buttercup Family,Ranunculaceae (Buttercup Family),,missing,families/ranunculaceae.html
rapateaceae,Rapateaceae,Rapatea Family,Rapateaceae (Rapatea Family),../img/here/rapateaceae.png,yes,families/rapateaceae.html
regmatodontaceae,Regmatodontaceae,No widely recognized common name,Regmatodontaceae,../img/here/regmatodontaceae.png,yes,families/regmatodontaceae.html
resedaceae,Resedaceae,Mignonette Family,Resedaceae (Mignonette Family),../img/here/resedaceae.png,yes,families/resedaceae.html
restionaceae,Restionaceae,Restio Family / Cape Reed Family,Restionaceae (Restio Family),../img/here/restionaceae.png,yes,families/restionaceae.html
rhabdodendraceae,Rhabdodendraceae,Rhabdodendron Family,Rhabdodendraceae (Rhabdodendron Family),../img/here/rhabdodendraceae.png,yes,families/rhabdodendraceae.html
rhabdoweisiaceae,Rhabdoweisiaceae,Tooth-fringe Moss Family,Rhabdoweisiaceae (Tooth-fringe Moss Family),../img/here/rhabdoweisiaceae.png,yes,families/rhabdoweisiaceae.html
rhachidosoraceae,Rhachidosoraceae,Rhachidosorus Fern Family,Rhachidosoraceae (Rhachidosorus Fern Family),../img/here/rhachidosoraceae.png,yes,families/rhachidosoraceae.html
rhachitheciaceae,Rhachitheciaceae,(Rhachithecium Moss Family - informal),Rhachitheciaceae,../img/here/rhachitheciaceae.png,yes,families/rhachitheciaceae.html
rhacocarpaceae,Rhacocarpaceae,(Rhacocarpus Moss Family - informal),Rhacocarpaceae,../img/here/rhacocarpaceae.png,yes,families/rhacocarpaceae.html
rhamnaceae,Rhamnaceae,Buckthorn Family,Rhamnaceae (Buckthorn Family),../img/here/rhamnaceae.png,yes,families/rhamnaceae.html
rhizogoniaceae,Rhizogoniaceae,Toothed Moss Family,Rhizogoniaceae (Toothed Moss Family),../img/here/rhizogoniaceae.png,yes,families/rhizogoniaceae.html
rhizophoraceae,Rhizophoraceae,Mangrove Family (Rhizophora &amp; Relatives),Rhizophoraceae (Mangrove Family - Rhizophora &amp; Relatives),../img/here/rhizophoraceae.png,yes,families/rhizophoraceae.html
rhynchocalycaceae,Rhynchocalycaceae,False Waterberry Family,Rhynchocalycaceae (False Waterberry Family),../img/here/rhynchocalycaceae.png,yes,families/rhynchocalycaceae.html
rhytidiaceae,Rhytidiaceae,Wrinkle-leaved Moss Family / Rough-necked Moss,Rhytidiaceae (Wrinkle-leaved Moss Family),../img/here/rhytidiaceae.png,yes,families/rhytidiaceae.html
ricciaceae,Ricciaceae,Crystalwort Family,Ricciaceae (Crystalwort Family),../img/here/ricciaceae.png,yes,families/ricciaceae.html
riellaceae,Riellaceae,Riella Liverworts / Water-shamrocks,Riellaceae,../img/here/riellaceae.png,yes,families/riellaceae.html
ripogonaceae,Ripogonaceae,Supplejack Family,Ripogonaceae (Supplejack Family),../img/here/ripogonaceae.png,yes,families/ripogonaceae.html
riviniaceae,Riviniaceae,Pigeonberry Family,Riviniaceae (Pigeonberry Family),../img/here/riviniaceae.png,no,families/riviniaceae.html
roridulaceae,Roridulaceae,Dewstick Family,Roridulaceae (Dewstick Family),../img/here/roridulaceae.png,yes,families/roridulaceae.html
rosaceae,Rosaceae,,Rosaceae (Rose Family),,missing,families/rosaceae.html
rousseaceae,Rousseaceae,Roussea Family,Rousseaceae (Roussea Family),../img/here/rousseaceae.png,yes,families/rousseaceae.html
rubiaceae,Rubiaceae,Coffee Family / Madder Family / Bedstraw Family,Rubiaceae (Coffee / Madder Family),,missing,families/rubiaceae.html
ruppiaceae,Ruppiaceae,Widgeonweed Family / Ditchgrass Family,Ruppiaceae (Widgeonweed Family),../img/here/ruppiaceae.png,yes,families/ruppiaceae.html
rutaceae,Rutaceae,,Rutaceae (Rue / Citrus Family),,missing,families/rutaceae.html
rutenbergiaceae,Rutenbergiaceae,No widely recognized common name,Rutenbergiaceae,../img/here/rutenbergiaceae.png,yes,families/rutenbergiaceae.html
sabiaceae,Sabiaceae,Sabia Family,Sabiaceae (Sabia Family),../img/here/sabiaceae.png,yes,families/sabiaceae.html
saccifoliaceae,Saccifoliaceae,Saccifolium Family,Saccifoliaceae (Saccifolium Family),../img/here/saccifoliaceae.png,no,families/saccifoliaceae.html
saccolomataceae,Saccolomataceae,(No common name; often Saccoloma Family),Saccolomataceae,../img/here/saccolomataceae.png,yes,families/saccolomataceae.html
saelaniaceae,Saelaniaceae,Blue Moss Family / Saelania Moss Family,Saelaniaceae (Blue Moss Family),../img/here/saelaniaceae.png,yes,families/saelaniaceae.html
salicaceae,Salicaceae,,Salicaceae (Willow / Poplar Family),,missing,families/salicaceae.html
salvadoraceae,Salvadoraceae,Mustard Tree / Toothbrush Tree Family,Salvadoraceae (Mustard Tree Family),../img/here/salvadoraceae.png,yes,families/salvadoraceae.html
salviniaceae,Salviniaceae,Floating Fern Family,Salviniaceae (Floating Fern Family),../img/here/salviniaceae.png,yes,families/salviniaceae.html
samydaceae,Samydaceae,Casearia Family,Samydaceae (Casearia Family),../img/here/samydaceae.png,yes,families/samydaceae.html
santalaceae,Santalaceae,Sandalwood Family,Santalaceae (Sandalwood Family),../img/here/santalaceae.png,yes,families/santalaceae.html
sapindaceae,Sapindaceae,Soapberry Family (incl. Maples &amp; Horse Chestnuts),Sapindaceae (Soapberry Family),../img/here/sapindaceae.png,yes,families/sapindaceae.html
sapotaceae,Sapotaceae,Sapodilla Family / Sapote Family,Sapotaceae (Sapodilla Family),../img/here/sapotaceae.png,yes,families/sapotaceae.html
sarcobataceae,Sarcobataceae,Greasewood Family,Sarcobataceae (Greasewood Family),../img/here/sarcobataceae.png,yes,families/sarcobataceae.html
sarcolaenaceae,Sarcolaenaceae,Sarcolaena Family,Sarcolaenaceae (Sarcolaena Family),../img/here/sarcolaenaceae.png,yes,families/sarcolaenaceae.html
sarraceniaceae,Sarraceniaceae,North American Pitcher Plant Family,Sarraceniaceae (N. American Pitcher Plant Family),../img/here/sarraceniaceae.png,yes,families/sarraceniaceae.html
saulomataceae,Saulomataceae,(No widely used common name),Saulomataceae (Moss Family),../img/here/saulomataceae.png,yes,families/saulomataceae.html
saururaceae,Saururaceae,Lizard's Tail Family,Saururaceae (Lizard's Tail Family),../img/here/saururaceae.png,yes,families/saururaceae.html
saxifragaceae,Saxifragaceae,Saxifrage Family,Saxifragaceae (Saxifrage Family),../img/here/saxifragaceae.png,yes,families/saxifragaceae.html
scapaniaceae,Scapaniaceae,Earwort Family,Scapaniaceae (Earwort Family),../img/here/scapaniaceae.png,yes,families/scapaniaceae.html
scheuchzeriaceae,Scheuchzeriaceae,Rannoch-rush Family,Scheuchzeriaceae (Rannoch-rush Family),../img/here/scheuchzeriaceae.png,yes,families/scheuchzeriaceae.html
schimperobryaceae,Schimperobryaceae,Schimper's Frond Moss Family (Informal),Schimperobryaceae (Moss Family),../img/here/schimperobryaceae.png,yes,families/schimperobryaceae.html
schisandraceae,Schisandraceae,Star Anise Family,Schisandraceae (Star Anise Family),../img/here/schisandraceae.png,yes,families/schisandraceae.html
schistochilaceae,Schistochilaceae,Wingwort Family (common name sometimes used for,Schistochilaceae,../img/here/schistochilaceae.png,yes,families/schistochilaceae.html
schistostegaceae,Schistostegaceae,Luminous Moss Family / Goblin Gold Family,Schistostegaceae,../img/here/schistostegaceae.png,yes,families/schistostegaceae.html
schizaeaceae,Schizaeaceae,Curlygrass Fern Family,Schizaeaceae (Curlygrass Fern Family),../img/here/schizaeaceae.png,yes,families/schizaeaceae.html
schlegeliaceae,Schlegeliaceae,,Schlegeliaceae,../img/here/schlegeliaceae.png,yes,families/schlegeliaceae.html
schoepfiaceae,Schoepfiaceae,,Schoepfiaceae,../img/here/schoepfiaceae.png,yes,families/schoepfiaceae.html
sciadopityaceae,Sciadopityaceae,Japanese Umbrella-pine Family,Sciadopityaceae (Japanese Umbrella-pine Family),../img/here/sciadopityaceae.png,yes,families/sciadopityaceae.html
scouleriaceae,Scouleriaceae,Scouleria Moss Family,Scouleriaceae,../img/here/scouleriaceae.png,yes,families/scouleriaceae.html
scrophulariaceae,Scrophulariaceae,Figwort Family (sensu stricto),Scrophulariaceae (Figwort Family),,missing,families/scrophulariaceae.html
selaginellaceae,Selaginellaceae,Spike-moss Family / Lesser Clubmoss Family,Selaginellaceae (Spike-moss Family),../img/here/selaginellaceae.png,yes,families/selaginellaceae.html
seligeriaceae,Seligeriaceae,Seligeria Moss / Rock-bristle Moss Family,Seligeriaceae,../img/here/seligeriaceae.png,yes,families/seligeriaceae.html
sematophyllaceae,Sematophyllaceae,Signal Moss Family,Sematophyllaceae (Signal Moss Family),../img/here/sematophyllaceae.png,yes,families/sematophyllaceae.html
serpotortellaceae,Serpotortellaceae,(Serpotortella Moss Family - informal),Serpotortellaceae,../img/here/serpotortellaceae.png,yes,families/serpotortellaceae.html
sesuviaceae,Sesuviaceae,Sea Purslane Family,Sesuviaceae (Sea Purslane Family),../img/here/sesuviaceae.png,no,families/sesuviaceae.html
setchellanthaceae,Setchellanthaceae,,Setchellanthaceae,../img/here/setchellanthaceae.png,yes,families/setchellanthaceae.html
simaroubaceae,Simaroubaceae,Quassia Family / Tree-of-heaven Family,Simaroubaceae (Quassia Family),../img/here/simaroubaceae.png,yes,families/simaroubaceae.html
simmondsiaceae,Simmondsiaceae,Jojoba Family,Simmondsiaceae (Jojoba Family),../img/here/simmondsiaceae.png,yes,families/simmondsiaceae.html
siparunaceae,Siparunaceae,,Siparunaceae,../img/here/siparunaceae.png,yes,families/siparunaceae.html
sladeniaceae,Sladeniaceae,,Sladeniaceae,../img/here/sladeniaceae.png,yes,families/sladeniaceae.html
smilacaceae,Smilacaceae,Greenbrier Family / Catbrier Family,Smilacaceae (Greenbrier Family),../img/here/smilacaceae.png,yes,families/smilacaceae.html
solanaceae,Solanaceae,Nightshade Family,Solanaceae (Nightshade Family),,missing,families/solanaceae.html
sorapillaceae,Sorapillaceae,No widely recognized common name,Sorapillaceae,../img/here/sorapillaceae.png,yes,families/sorapillaceae.html
sphaerocarpaceae,Sphaerocarpaceae,Bottle Liverworts,Sphaerocarpaceae,../img/here/sphaerocarpaceae.png,yes,families/sphaerocarpaceae.html
sphaerosepalaceae,Sphaerosepalaceae,,Sphaerosepalaceae,../img/here/sphaerosepalaceae.png,yes,families/sphaerosepalaceae.html
sphagnaceae,Sphagnaceae,Peat Moss Family,Sphagnaceae (Peat Moss Family),../img/here/sphagnaceae.png,yes,families/sphagnaceae.html
sphenocleaceae,Sphenocleaceae,Gooseweed Family,Sphenocleaceae (Gooseweed Family),../img/here/sphenocleaceae.png,yes,families/sphenocleaceae.html
sphenostemonaceae,Sphenostemonaceae,Sphenostemon Family,Sphenostemonaceae (Sphenostemon Family),../img/here/sphenostemonaceae.png,yes,families/sphenostemonaceae.html
splachnaceae,Splachnaceae,Dung Moss Family / Collar Moss Family,Splachnaceae (Dung Moss Family),../img/here/splachnaceae.png,yes,families/splachnaceae.html
stachyuraceae,Stachyuraceae,Spike-tail Family,Stachyuraceae,../img/here/stachyuraceae.png,yes,families/stachyuraceae.html
stangeriaceae,Stangeriaceae,Natal Grass Cycad Family,Stangeriaceae (Natal Grass Cycad Family),../img/here/stangeriaceae.png,yes,families/stangeriaceae.html
staphyleaceae,Staphyleaceae,Bladdernut Family,Staphyleaceae (Bladdernut Family),../img/here/staphyleaceae.png,yes,families/staphyleaceae.html
stegnospermataceae,Stegnospermataceae,,Stegnospermataceae,../img/here/stegnospermataceae.png,yes,families/stegnospermataceae.html
stemonaceae,Stemonaceae,,Stemonaceae,../img/here/stemonaceae.png,yes,families/stemonaceae.html
stemonuraceae,Stemonuraceae,,Stemonuraceae,../img/here/stemonuraceae.png,yes,families/stemonuraceae.html
stephaniellaceae,Stephaniellaceae,Stephaniella Family,Stephaniellaceae (Stephaniella Family),../img/here/stephaniellaceae.png,yes,families/stephaniellaceae.html
stereophyllaceae,Stereophyllaceae,No widely recognized common name,Stereophyllaceae,../img/here/stereophyllaceae.png,yes,families/stereophyllaceae.html
stilbaceae,Stilbaceae,,Stilbaceae,../img/here/stilbaceae.png,yes,families/stilbaceae.html
strasburgeriaceae,Strasburgeriaceae,,Strasburgeriaceae,../img/here/strasburgeriaceae.png,yes,families/strasburgeriaceae.html
strelitziaceae,Strelitziaceae,Bird-of-Paradise Family,Strelitziaceae (Bird-of-Paradise Family),../img/here/strelitziaceae.png,yes,families/strelitziaceae.html
strombosiaceae,Strombosiaceae,Strombosia Family,Strombosiaceae (Strombosia Family),../img/here/strombosiaceae.png,yes,families/strombosiaceae.html
strychnaceae,Strychnaceae,Strychnine Family,Strychnaceae (Strychnine Family),../img/here/strychnaceae.png,yes,families/strychnaceae.html
stylidiaceae,Stylidiaceae,Triggerplant Family,Stylidiaceae (Triggerplant Family),../img/here/stylidiaceae.png,yes,families/stylidiaceae.html
styracaceae,Styracaceae,Storax Family,Styracaceae (Storax Family),../img/here/styracaceae.png,yes,families/styracaceae.html
surianaceae,Surianaceae,Bay-Cedar Family,Surianaceae (Bay-Cedar Family),../img/here/surianaceae.png,yes,families/surianaceae.html
symphyodontaceae,Symphyodontaceae,No widely recognized common name,Symphyodontaceae,../img/here/symphyodontaceae.png,yes,families/symphyodontaceae.html
symplocaceae,Symplocaceae,Sweetleaf Family,Symplocaceae (Sweetleaf Family),../img/here/symplocaceae.png,yes,families/symplocaceae.html
takakiaceae,Takakiaceae,Takakia Moss Family,Takakiaceae (Takakia Moss Family),../img/here/takakiaceae.png,yes,families/takakiaceae.html
talinaceae,Talinaceae,Fameflower Family,Talinaceae (Fameflower Family),../img/here/talinaceae.png,yes,families/talinaceae.html
tamaricaceae,Tamaricaceae,Tamarisk Family,Tamaricaceae (Tamarisk Family),../img/here/tamaricaceae.png,yes,families/tamaricaceae.html
tapisciaceae,Tapisciaceae,,Tapisciaceae,../img/here/tapisciaceae.png,yes,families/tapisciaceae.html
targioniaceae,Targioniaceae,No widely accepted common name,Targioniaceae,../img/here/targioniaceae.png,yes,families/targioniaceae.html
taxaceae,Taxaceae,Yew Family,Taxaceae (Yew Family),,missing,families/taxaceae.html
tecophilaeaceae,Tecophilaeaceae,Chilean Blue Crocus Family,Tecophilaeaceae (Chilean Blue Crocus Family),../img/here/tecophilaeaceae.png,yes,families/tecophilaeaceae.html
tectariaceae,Tectariaceae,Halberd Fern Family,Tectariaceae (Halberd Fern Family),../img/here/tectariaceae.png,yes,families/tectariaceae.html
tepuianthaceae,Tepuianthaceae,Tepuianthus Family,Tepuianthaceae (Tepuianthus Family),../img/here/tepuianthaceae.png,no,families/tepuianthaceae.html
tetracarpaeaceae,Tetracarpaeaceae,Tetracarpaea Family,Tetracarpaeaceae (Tetracarpaea Family),../img/here/tetracarpaeaceae.png,yes,families/tetracarpaeaceae.html
tetrachondraceae,Tetrachondraceae,,Tetrachondraceae,../img/here/tetrachondraceae.png,yes,families/tetrachondraceae.html
tetramelaceae,Tetramelaceae,Baing or Binuang Family,Tetramelaceae,../img/here/tetramelaceae.png,yes,families/tetramelaceae.html
tetrameristaceae,Tetrameristaceae,Tetramerista Family / Tea Mangrove Family,Tetrameristaceae,../img/here/tetrameristaceae.png,yes,families/tetrameristaceae.html
tetraphidaceae,Tetraphidaceae,Four-tooth Moss Family,Tetraphidaceae (Four-tooth Moss Family),../img/here/tetraphidaceae.png,yes,families/tetraphidaceae.html
theaceae,Theaceae,"Tea Family, Camellia Family",Theaceae (Tea Family),../img/here/theaceae.png,yes,families/theaceae.html
theliaceae,Theliaceae,Thelia Moss Family (associated with genus,Theliaceae,../img/here/theliaceae.png,yes,families/theliaceae.html
thelypteridaceae,Thelypteridaceae,Marsh Fern Family,Thelypteridaceae (Marsh Fern Family),../img/here/thelypteridaceae.png,yes,families/thelypteridaceae.html
thesiaceae,Thesiaceae,Thesium Family,Thesiaceae (Thesium Family),../img/here/thesiaceae.png,yes,families/thesiaceae.html
thomandersiaceae,Thomandersiaceae,(No common name),Thomandersiaceae,../img/here/thomandersiaceae.png,yes,families/thomandersiaceae.html
thuidiaceae,Thuidiaceae,Fern Moss Family,Thuidiaceae (Fern Moss Family),../img/here/thuidiaceae.png,yes,families/thuidiaceae.html
thurniaceae,Thurniaceae,(No common name / Palmiet Family),Thurniaceae,../img/here/thurniaceae.png,yes,families/thurniaceae.html
thymelaeaceae,Thymelaeaceae,Daphne Family / Mezereum Family / Agarwood Family,Thymelaeaceae (Daphne Family),../img/here/thymelaeaceae.png,yes,families/thymelaeaceae.html
thyrsopteridaceae,Thyrsopteridaceae,(No common name; often Thyrsopteris Family),Thyrsopteridaceae (Thyrsopteris Family),../img/here/thyrsopteridaceae.png,yes,families/thyrsopteridaceae.html
ticodendraceae,Ticodendraceae,(No common name),Ticodendraceae,../img/here/ticodendraceae.png,yes,families/ticodendraceae.html
timmiellaceae,Timmiellaceae,Timmiella Moss Family,Timmiellaceae (Timmiella Moss Family),../img/here/timmiellaceae.png,yes,families/timmiellaceae.html
tofieldiaceae,Tofieldiaceae,False Asphodel Family,Tofieldiaceae (False Asphodel Family),../img/here/tofieldiaceae.png,yes,families/tofieldiaceae.html
torricelliaceae,Torricelliaceae,(No common name / Torricellia Family),Torricelliaceae,../img/here/torricelliaceae.png,yes,families/torricelliaceae.html
tovariaceae,Tovariaceae,(No common name / Tovaria Family),Tovariaceae,../img/here/tovariaceae.png,yes,families/tovariaceae.html
trachylomataceae,Trachylomataceae,Trachyloma Moss Family,Trachylomataceae (Trachyloma Moss Family),../img/here/trachylomataceae.png,yes,families/trachylomataceae.html
treubiaceae,Treubiaceae,Treubia Liverworts,Treubiaceae,../img/here/treubiaceae.png,yes,families/treubiaceae.html
trichocoleaceae,Trichocoleaceae,Hairywort / Woollywort Family,Trichocoleaceae,../img/here/trichocoleaceae.png,yes,families/trichocoleaceae.html
trichotemnomataceae,Trichotemnomataceae,Trichotemnoma Family,Trichotemnomataceae (Trichotemnoma Family),../img/here/trichotemnomataceae.png,yes,families/trichotemnomataceae.html
trigoniaceae,Trigoniaceae,(No common name),Trigoniaceae,../img/here/trigoniaceae.png,yes,families/trigoniaceae.html
trimeniaceae,Trimeniaceae,(No common name / Trimenia Family),Trimeniaceae,../img/here/trimeniaceae.png,yes,families/trimeniaceae.html
triuridaceae,Triuridaceae,(No common name),Triuridaceae,../img/here/triuridaceae.png,yes,families/triuridaceae.html
trochodendraceae,Trochodendraceae,Wheel Tree Family,Trochodendraceae (Wheel Tree Family),../img/here/trochodendraceae.png,yes,families/trochodendraceae.html
tropaeolaceae,Tropaeolaceae,Nasturtium Family,Tropaeolaceae (Nasturtium Family),../img/here/tropaeolaceae.png,yes,families/tropaeolaceae.html
turneraceae,Turneraceae,Turnera Family,Turneraceae (Turnera Family),../img/here/turneraceae.png,yes,families/turneraceae.html
typhaceae,Typhaceae,Cattail Family,Typhaceae (Cattail Family),../img/here/typhaceae.png,yes,families/typhaceae.html
ulmaceae,Ulmaceae,Elm Family,Ulmaceae (Elm Family),../img/here/ulmaceae.png,yes,families/ulmaceae.html
urticaceae,Urticaceae,Nettle Family,Urticaceae (Nettle Family),../img/here/urticaceae.png,yes,families/urticaceae.html
vahliaceae,Vahliaceae,,Vahliaceae,../img/here/vahliaceae.png,yes,families/vahliaceae.html
vandiemeniaceae,Vandiemeniaceae,No widely accepted common name,Vandiemeniaceae,../img/here/vandiemeniaceae.png,yes,families/vandiemeniaceae.html
velloziaceae,Velloziaceae,,Velloziaceae,../img/here/velloziaceae.png,yes,families/velloziaceae.html
verbenaceae,Verbenaceae,Vervain Family,Verbenaceae (Vervain Family),../img/here/verbenaceae.png,yes,families/verbenaceae.html
viburnaceae,Viburnaceae,Viburnum Family,Viburnaceae (Viburnum Family),../img/here/viburnaceae.png,yes,families/viburnaceae.html
violaceae,Violaceae,Violet Family,Violaceae (Violet Family),../img/here/violaceae.png,yes,families/violaceae.html
viridivelleraceae,Viridivelleraceae,(Viridivellus Moss Family - informal),Viridivelleraceae,../img/here/viridivelleraceae.png,yes,families/viridivelleraceae.html
viscaceae,Viscaceae,Mistletoe Family,Viscaceae (Mistletoe Family),../img/here/viscaceae.png,yes,families/viscaceae.html
vitaceae,Vitaceae,,Vitaceae (Grape Family),,missing,families/vitaceae.html
vochysiaceae,Vochysiaceae,(No widely accepted common name),Vochysiaceae,../img/here/vochysiaceae.png,yes,families/vochysiaceae.html
wardiaceae,Wardiaceae,(Wardia Moss Family - informal),Wardiaceae,../img/here/wardiaceae.png,yes,families/wardiaceae.html
wellstediaceae,Wellstediaceae,Wellstedia Family,Wellstediaceae (Wellstedia Family),../img/here/wellstediaceae.png,yes,families/wellstediaceae.html
welwitschiaceae,Welwitschiaceae,Welwitschia Family,Welwitschiaceae (Welwitschia Family),../img/here/welwitschiaceae.png,yes,families/welwitschiaceae.html
wiesnerellaceae,Wiesnerellaceae,Wiesnerella Liverwort,Wiesnerellaceae,../img/here/wiesnerellaceae.png,yes,families/wiesnerellaceae.html
wightiaceae,Wightiaceae,Wightia Family,Wightiaceae (Wightia Family),../img/here/wightiaceae.png,yes,families/wightiaceae.html
winteraceae,Winteraceae,Winter's Bark Family,Winteraceae (Winter's Bark Family),../img/here/winteraceae.png,yes,families/winteraceae.html
woodsiaceae,Woodsiaceae,Cliff Fern Family,Woodsiaceae (Cliff Fern Family),../img/here/woodsiaceae.png,yes,families/woodsiaceae.html
xeronemataceae,Xeronemataceae,(No widely accepted common name),Xeronemataceae,../img/here/xeronemataceae.png,yes,families/xeronemataceae.html
ximeniaceae,Ximeniaceae,Tallow Wood Family,Ximeniaceae (Tallow Wood Family),../img/here/ximeniaceae.png,yes,families/ximeniaceae.html
xyridaceae,Xyridaceae,Yellow-eyed Grass Family,Xyridaceae (Yellow-eyed Grass Family),../img/here/xyridaceae.png,yes,families/xyridaceae.html
zamiaceae,Zamiaceae,Cycad Family,Zamiaceae (Cycad Family),../img/here/zamiaceae.png,yes,families/zamiaceae.html
zingiberaceae,Zingiberaceae,Ginger Family,Zingiberaceae (Ginger Family),,missing,families/zingiberaceae.html
zosteraceae,Zosteraceae,Eelgrass Family,Zosteraceae (Eelgrass Family),../img/here/zosteraceae.png,yes,families/zosteraceae.html
zygophyllaceae,Zygophyllaceae,Caltrop Family / Creosote Bush Family,Zygophyllaceae (Caltrop Family),../img/here/zygophyllaceae.png,no,families/zygophyllaceae.html
